10:55:15.874 [main                     ] DEBUG Logger               - Configured Logger
10:55:15.890 [main                     ] DEBUG GameApplication      - Logging settings
Title: Prototype Game
Version: 0.1.5
Width: 1280
Height: 720
Fullscreen: false
Intro: false
Profiling: false
Single step:false
App Mode: DEVELOPER
Menu Key: ESCAPE
Stage Style: DECORATED
Scene Factory: class org.example.core.GameApp$1

10:55:17.435 [JavaFX Application Thread] DEBUG FXGLApplication      - Initializing FXGL
10:55:17.444 [JavaFX Application Thread] INFO  Engine               - FXGL-21+dev-SNAPSHOT (26.03.2024 21.04) on WINDOWS (J:24 FX:21.0.1)
10:55:17.445 [JavaFX Application Thread] DEBUG Engine               - JRE Vendor Name: Oracle Corporation
10:55:17.446 [JavaFX Application Thread] DEBUG Engine               - Running on OS: Windows 11 version 10.0
10:55:17.446 [JavaFX Application Thread] DEBUG Engine               - Architecture: amd64
10:55:17.446 [JavaFX Application Thread] INFO  Engine               - Source code and latest versions at: https://github.com/AlmasB/FXGL
10:55:17.446 [JavaFX Application Thread] INFO  Engine               -       Ask questions and discuss at: https://github.com/AlmasB/FXGL/discussions
10:55:17.446 [JavaFX Application Thread] INFO  Engine               -              Join the FXGL chat at: https://gitter.im/AlmasB/FXGL
10:55:17.987 [JavaFX Application Thread] DEBUG PrimaryStageWindow   - Creating a JavaFX scene
10:55:18.186 [JavaFX Application Thread] DEBUG PrimaryStageWindow   - Target settings size: 1280.0 x 720.0
10:55:18.186 [JavaFX Application Thread] DEBUG PrimaryStageWindow   - Scaled scene size:    1280.0 x 720.0
10:55:18.186 [JavaFX Application Thread] DEBUG PrimaryStageWindow   - Scaled ratio: (1.0, 1.0)
10:55:18.189 [JavaFX Application Thread] DEBUG PrimaryStageWindow   - Set initial scene to FXGLStartupScene
10:55:18.201 [JavaFX Application Thread] DEBUG PrimaryStageWindow   - Opening main window
10:55:18.504 [JavaFX Application Thread] DEBUG PrimaryStageWindow   - Window border size: (14.4000244140625, 37.5999755859375)
10:55:18.505 [JavaFX Application Thread] DEBUG PrimaryStageWindow   - Scaled size: 1280.0 x 720.0
10:55:18.505 [JavaFX Application Thread] DEBUG PrimaryStageWindow   - Scaled ratio: (1.0, 1.0)
10:55:18.505 [JavaFX Application Thread] DEBUG PrimaryStageWindow   - Scene size: 1280.0 x 720.0
10:55:18.505 [JavaFX Application Thread] DEBUG PrimaryStageWindow   - Stage size: 1294.4000244140625 x 757.5999755859375
10:55:18.566 [FXGL Background Thread 1 ] DEBUG Engine               - Initializing environment variables
10:55:18.747 [FXGL Background Thread 1 ] DEBUG FXGLAssetLoaderServi - User app class for loading assets: class org.example.core.GameApp
10:55:18.748 [FXGL Background Thread 1 ] DEBUG GameApplicationServi - Applying CSS: fxgl_dark.css
10:55:18.753 [FXGL Background Thread 1 ] DEBUG FXGLAssetLoaderServi - Loading from file system: jar:file:/C:/Users/ginac/.m2/repository/com/github/AlmasB/FXGL/fxgl/21.1/fxgl-21.1.jar!/fxglassets/ui/css/fxgl_dark.css
10:55:18.901 [FXGL Background Thread 1 ] DEBUG GameApplicationServi - Initializing application scenes
10:55:19.065 [FXGL Background Thread 1 ] DEBUG GameWorld            - Game world initialized
10:55:19.228 [FXGL Background Thread 1 ] DEBUG PhysicsWorld         - Physics world initialized: appHeight=720, physics.ppm=50.0
10:55:19.228 [FXGL Background Thread 1 ] DEBUG PhysicsWorld         - Using strategy: BRUTE_FORCE
10:55:19.238 [FXGL Background Thread 1 ] DEBUG GameScene            - Game scene initialized: 1280x720
10:55:20.071 [FXGL Background Thread 1 ] DEBUG GameApplicationServi - Application scenes initialized
10:55:20.132 [FXGL Background Thread 1 ] DEBUG SystemBundleService  - Loading FXGL system data
10:55:20.137 [FXGL Background Thread 1 ] DEBUG FileSystemAccess     - Reading from: C:\Users\ginac\IdeaProjects\TheOnlyException3\system\fxgl.bundle
10:55:20.145 [FXGL Background Thread 1 ] DEBUG SystemBundleService  - Bundle FXGL: {}
10:55:20.146 [FXGL Background Thread 1 ] DEBUG UpdaterService       - Checking for updates
10:55:20.170 [FXGL Background Thread 1 ] DEBUG FXGLApplication      - Loading default localization
10:55:20.172 [FXGL Background Thread 1 ] DEBUG FXGLAssetLoaderServi - Loading from file system: jar:file:/C:/Users/ginac/.m2/repository/com/github/AlmasB/FXGL/fxgl/21.1/fxgl-21.1.jar!/fxglassets/languages/english.lang
10:55:20.197 [FXGL Background Thread 4 ] DEBUG FXGLApplication      - Loading fonts
10:55:20.198 [FXGL Background Thread 4 ] DEBUG FXGLAssetLoaderServi - Loading from file system: jar:file:/C:/Users/ginac/.m2/repository/com/github/AlmasB/FXGL/fxgl-samples/21.1/fxgl-samples-21.1.jar!/assets/ui/fonts/VarelaRound-Regular.ttf
10:55:20.235 [FXGL Background Thread 1 ] INFO  FXGLApplication      - FXGL initialization took: 1.670 sec
10:55:20.238 [FXGL Background Thread 4 ] DEBUG FXGLAssetLoaderServi - Loading from file system: jar:file:/C:/Users/ginac/.m2/repository/com/github/AlmasB/FXGL/fxgl/21.1/fxgl-21.1.jar!/fxglassets/ui/fonts/Abel-Regular.ttf
10:55:20.259 [FXGL Background Thread 4 ] DEBUG FXGLAssetLoaderServi - Loading from file system: jar:file:/C:/Users/ginac/.m2/repository/com/github/AlmasB/FXGL/fxgl/21.1/fxgl-21.1.jar!/fxglassets/ui/fonts/TerminalLandMono-Regular.otf
10:55:20.281 [JavaFX Application Thread] DEBUG Input                - Registered new binding: action0 - A
10:55:20.288 [JavaFX Application Thread] DEBUG Input                - Registered new binding: action1 - D
10:55:20.291 [JavaFX Application Thread] DEBUG Input                - Registered new binding: action2 - W
10:55:20.297 [FXGL Background Thread 4 ] DEBUG FXGLAssetLoaderServi - Loading from file system: jar:file:/C:/Users/ginac/.m2/repository/com/github/AlmasB/FXGL/fxgl/21.1/fxgl-21.1.jar!/fxglassets/ui/fonts/Courier-Prime.ttf
10:55:20.301 [JavaFX Application Thread] DEBUG Input                - Registered new binding: action3 - S
10:55:20.305 [JavaFX Application Thread] DEBUG FXGLAssetLoaderServi - Loading from file system: jar:file:/C:/Users/ginac/.m2/repository/com/github/AlmasB/FXGL/fxgl/21.1/fxgl-21.1.jar!/fxglassets/textures/fxgl_icon.png
10:55:20.556 [JavaFX Application Thread] DEBUG FXGLAssetLoaderServi - Loading from file system: jar:file:/C:/Users/ginac/.m2/repository/com/github/AlmasB/FXGL/fxgl/21.1/fxgl-21.1.jar!/fxglassets/textures/fxgl_default_cursor.png
10:55:20.580 [JavaFX Application Thread] DEBUG Input                - Registered new binding: Screenshot - CTRL+8
10:55:20.598 [JavaFX Application Thread] DEBUG Input                - Registered new binding: System info dump - CTRL+9
10:55:20.615 [JavaFX Application Thread] DEBUG Input                - Registered new binding: Restart - CTRL+R
10:55:20.623 [JavaFX Application Thread] DEBUG Input                - Registered new binding: Toggle Debug Camera - CTRL+7
10:55:20.694 [JavaFX Application Thread] DEBUG LoopRunner           - Starting loop
10:55:20.694 [JavaFX Application Thread] DEBUG LoopRunner           - Initializing JavaFX AnimationTimerLoop
10:55:20.709 [JavaFX Application Thread] DEBUG Input                - Clearing active input actions
10:55:20.732 [JavaFX Application Thread] DEBUG GameApplicationServi - Removing overlay from FXGLStartupScene and adding to FXGLMainMenuDummyScene
10:55:20.734 [JavaFX Application Thread] DEBUG PrimaryStageWindow   - FXGLStartupScene -> FXGLMainMenuDummyScene
10:55:20.734 [JavaFX Application Thread] DEBUG PrimaryStageWindow   - Push state: LoginScene
10:55:20.738 [JavaFX Application Thread] DEBUG Input                - Clearing active input actions
10:55:20.806 [JavaFX Application Thread] DEBUG GameApplicationServi - Removing overlay from FXGLMainMenuDummyScene and adding to LoginScene
10:55:20.809 [JavaFX Application Thread] DEBUG PrimaryStageWindow   - FXGLMainMenuDummyScene -> LoginScene
10:55:21.473 [JavaFX Application Thread] DEBUG FXGLApplication      - Registering font factories with UI factory
10:55:21.938 [FXGL Background Thread 2 ] INFO  UpdaterService       - Your current version:  21+dev-SNAPSHOT
10:55:21.938 [FXGL Background Thread 2 ] INFO  UpdaterService       - Latest stable version: 21.1
10:55:23.160 [FXGL Background Thread 3 ] DEBUG Engine               - Logging environment variables
10:55:23.161 [FXGL Background Thread 3 ] DEBUG Engine               - achievements: []
10:55:23.161 [FXGL Background Thread 3 ] DEBUG Engine               - actualHeight: 720.0
10:55:23.161 [FXGL Background Thread 3 ] DEBUG Engine               - actualHeightProperty: ReadOnlyDoubleProperty [value: 720.0]
10:55:23.161 [FXGL Background Thread 3 ] DEBUG Engine               - actualWidth: 1280.0
10:55:23.161 [FXGL Background Thread 3 ] DEBUG Engine               - actualWidthProperty: ReadOnlyDoubleProperty [value: 1280.0]
10:55:23.161 [FXGL Background Thread 3 ] DEBUG Engine               - appIcon: fxgl_icon.png
10:55:23.163 [FXGL Background Thread 3 ] DEBUG Engine               - applicationMode: DEVELOPER
10:55:23.163 [FXGL Background Thread 3 ] DEBUG Engine               - cSSList: [fxgl_dark.css]
10:55:23.163 [FXGL Background Thread 3 ] DEBUG Engine               - collisionDetectionStrategy: BRUTE_FORCE
10:55:23.163 [FXGL Background Thread 3 ] DEBUG Engine               - configClass: Optional.empty
10:55:23.163 [FXGL Background Thread 3 ] DEBUG Engine               - credits: []
10:55:23.172 [FXGL Background Thread 3 ] DEBUG Engine               - defaultCursor: CursorInfo(imageName=fxgl_default_cursor.png, hotspotX=7.0, hotspotY=6.0)
10:55:23.173 [FXGL Background Thread 3 ] DEBUG Engine               - devBBoxColorProperty: ObjectProperty [value: 0xff0000ff]
10:55:23.173 [FXGL Background Thread 3 ] DEBUG Engine               - devEnableDebugCameraProperty: BooleanProperty [value: false]
10:55:23.173 [FXGL Background Thread 3 ] DEBUG Engine               - devSensorColorProperty: ObjectProperty [value: 0xffff00ff]
10:55:23.174 [FXGL Background Thread 3 ] DEBUG Engine               - devShowBBoxProperty: BooleanProperty [value: false]
10:55:23.174 [FXGL Background Thread 3 ] DEBUG Engine               - devShowPositionProperty: BooleanProperty [value: false]
10:55:23.174 [FXGL Background Thread 3 ] DEBUG Engine               - enabledMenuItems: []
10:55:23.174 [FXGL Background Thread 3 ] DEBUG Engine               - engineServices: [class com.almasb.fxgl.app.services.FXGLAssetLoaderService, class com.almasb.fxgl.app.FXGLApplication$GameApplicationService, class com.almasb.fxgl.app.services.FXGLDialogService, class com.almasb.fxgl.app.services.IOTaskExecutorService, class com.almasb.fxgl.io.FileSystemService, class com.almasb.fxgl.localization.LocalizationService, class com.almasb.fxgl.app.services.SystemBundleService, class com.almasb.fxgl.profile.SaveLoadService, class com.almasb.fxgl.ui.FXGLUIFactoryServiceProvider, class com.almasb.fxgl.ui.FXGLDialogFactoryServiceProvider, class com.almasb.fxgl.audio.AudioPlayer, class com.almasb.fxgl.notification.impl.NotificationServiceProvider, class com.almasb.fxgl.achievement.AchievementService, class com.almasb.fxgl.cutscene.CutsceneService, class com.almasb.fxgl.minigames.MiniGameService, class com.almasb.fxgl.net.NetService, class com.almasb.fxgl.app.services.UpdaterService, class com.almasb.fxgl.dev.DevService]
10:55:23.174 [FXGL Background Thread 3 ] DEBUG Engine               - fontGame: Abel-Regular.ttf
10:55:23.174 [FXGL Background Thread 3 ] DEBUG Engine               - fontMono: TerminalLandMono-Regular.otf
10:55:23.174 [FXGL Background Thread 3 ] DEBUG Engine               - fontSizeScaleUI: 1.0
10:55:23.175 [FXGL Background Thread 3 ] DEBUG Engine               - fontText: Courier-Prime.ttf
10:55:23.175 [FXGL Background Thread 3 ] DEBUG Engine               - fontUI: VarelaRound-Regular.ttf
10:55:23.175 [FXGL Background Thread 3 ] DEBUG Engine               - fullScreen: BooleanProperty [value: false]
10:55:23.175 [FXGL Background Thread 3 ] DEBUG Engine               - gameDifficulty: MEDIUM
10:55:23.175 [FXGL Background Thread 3 ] DEBUG Engine               - gameDifficultyProperty: ObjectProperty [value: MEDIUM]
10:55:23.175 [FXGL Background Thread 3 ] DEBUG Engine               - globalMusicVolume: 0.5
10:55:23.175 [FXGL Background Thread 3 ] DEBUG Engine               - globalMusicVolumeProperty: DoubleProperty [value: 0.5]
10:55:23.175 [FXGL Background Thread 3 ] DEBUG Engine               - globalSoundVolume: 0.5
10:55:23.176 [FXGL Background Thread 3 ] DEBUG Engine               - globalSoundVolumeProperty: DoubleProperty [value: 0.5]
10:55:23.176 [FXGL Background Thread 3 ] DEBUG Engine               - height: 720
10:55:23.176 [FXGL Background Thread 3 ] DEBUG Engine               - is3D: false
10:55:23.176 [FXGL Background Thread 3 ] DEBUG Engine               - isAndroid: false
10:55:23.176 [FXGL Background Thread 3 ] DEBUG Engine               - isBrowser: false
10:55:23.176 [FXGL Background Thread 3 ] DEBUG Engine               - isClickFeedbackEnabled: false
10:55:23.176 [FXGL Background Thread 3 ] DEBUG Engine               - isCloseConfirmation: false
10:55:23.176 [FXGL Background Thread 3 ] DEBUG Engine               - isDesktop: true
10:55:23.176 [FXGL Background Thread 3 ] DEBUG Engine               - isDeveloperMenuEnabled: false
10:55:23.177 [FXGL Background Thread 3 ] DEBUG Engine               - isEmbedded: false
10:55:23.177 [FXGL Background Thread 3 ] DEBUG Engine               - isEntityPreloadEnabled: true
10:55:23.177 [FXGL Background Thread 3 ] DEBUG Engine               - isExperimentalTiledLargeMap: false
10:55:23.177 [FXGL Background Thread 3 ] DEBUG Engine               - isFileSystemWriteAllowed: true
10:55:23.177 [FXGL Background Thread 3 ] DEBUG Engine               - isFullScreenAllowed: false
10:55:23.177 [FXGL Background Thread 3 ] DEBUG Engine               - isFullScreenFromStart: false
10:55:23.177 [FXGL Background Thread 3 ] DEBUG Engine               - isGameMenuEnabled: false
10:55:23.177 [FXGL Background Thread 3 ] DEBUG Engine               - isIOS: false
10:55:23.177 [FXGL Background Thread 3 ] DEBUG Engine               - isIntroEnabled: false
10:55:23.177 [FXGL Background Thread 3 ] DEBUG Engine               - isLinux: false
10:55:23.177 [FXGL Background Thread 3 ] DEBUG Engine               - isMac: false
10:55:23.177 [FXGL Background Thread 3 ] DEBUG Engine               - isMainMenuEnabled: true
10:55:23.177 [FXGL Background Thread 3 ] DEBUG Engine               - isManualResizeEnabled: false
10:55:23.177 [FXGL Background Thread 3 ] DEBUG Engine               - isMobile: false
10:55:23.177 [FXGL Background Thread 3 ] DEBUG Engine               - isNative: false
10:55:23.178 [FXGL Background Thread 3 ] DEBUG Engine               - isPauseMusicWhenMinimized: true
10:55:23.178 [FXGL Background Thread 3 ] DEBUG Engine               - isPreserveResizeRatio: false
10:55:23.178 [FXGL Background Thread 3 ] DEBUG Engine               - isProfilingEnabled: false
10:55:23.178 [FXGL Background Thread 3 ] DEBUG Engine               - isScaleAffectedOnResize: true
10:55:23.178 [FXGL Background Thread 3 ] DEBUG Engine               - isSingleStep: false
10:55:23.178 [FXGL Background Thread 3 ] DEBUG Engine               - isUserProfileEnabled: false
10:55:23.178 [FXGL Background Thread 3 ] DEBUG Engine               - isWindows: true
10:55:23.179 [FXGL Background Thread 3 ] DEBUG Engine               - language: ObjectProperty [value: ENGLISH]
10:55:23.179 [FXGL Background Thread 3 ] DEBUG Engine               - menuKey: ESCAPE
10:55:23.179 [FXGL Background Thread 3 ] DEBUG Engine               - mouseSensitivity: 0.2
10:55:23.179 [FXGL Background Thread 3 ] DEBUG Engine               - notificationViewClass: class com.almasb.fxgl.notification.view.XboxNotificationView
10:55:23.179 [FXGL Background Thread 3 ] DEBUG Engine               - pixelsPerMeter: 50.0
10:55:23.179 [FXGL Background Thread 3 ] DEBUG Engine               - platform: WINDOWS
10:55:23.180 [FXGL Background Thread 3 ] DEBUG Engine               - prefHeightProperty: ReadOnlyDoubleProperty [value: 720.0]
10:55:23.180 [FXGL Background Thread 3 ] DEBUG Engine               - prefWidthProperty: ReadOnlyDoubleProperty [value: 1280.0]
10:55:23.180 [FXGL Background Thread 3 ] DEBUG Engine               - profileDir: profiles/
10:55:23.180 [FXGL Background Thread 3 ] DEBUG Engine               - profileName: StringProperty [value: DEFAULT]
10:55:23.180 [FXGL Background Thread 3 ] DEBUG Engine               - randomSeed: -1
10:55:23.180 [FXGL Background Thread 3 ] DEBUG Engine               - runtimeInfo: RuntimeInfo(platform=WINDOWS, version=21+dev-SNAPSHOT, build=26.03.2024 21.04)
10:55:23.181 [FXGL Background Thread 3 ] DEBUG Engine               - saveFileExt: sav
10:55:23.181 [FXGL Background Thread 3 ] DEBUG Engine               - scaledHeightProp$fxgl: DoubleProperty [bound, value: 720.0]
10:55:23.181 [FXGL Background Thread 3 ] DEBUG Engine               - scaledWidthProp$fxgl: DoubleProperty [bound, value: 1280.0]
10:55:23.181 [FXGL Background Thread 3 ] DEBUG Engine               - sceneFactory: org.example.core.GameApp$1@58d455df
10:55:23.181 [FXGL Background Thread 3 ] DEBUG Engine               - secondsIn24h: 60
10:55:23.181 [FXGL Background Thread 3 ] DEBUG Engine               - soundMenuBack: menu/back.wav
10:55:23.181 [FXGL Background Thread 3 ] DEBUG Engine               - soundMenuPress: menu/press.wav
10:55:23.181 [FXGL Background Thread 3 ] DEBUG Engine               - soundMenuSelect: menu/select.wav
10:55:23.181 [FXGL Background Thread 3 ] DEBUG Engine               - soundNotification: core/notification.wav
10:55:23.181 [FXGL Background Thread 3 ] DEBUG Engine               - stageStyle: DECORATED
10:55:23.181 [FXGL Background Thread 3 ] DEBUG Engine               - supportedLanguages: [ENGLISH, FRENCH, GERMAN, HUNGARIAN, RUSSIAN]
10:55:23.181 [FXGL Background Thread 3 ] DEBUG Engine               - ticksPerSecond: -1
10:55:23.182 [FXGL Background Thread 3 ] DEBUG Engine               - title: Prototype Game
10:55:23.182 [FXGL Background Thread 3 ] DEBUG Engine               - urlGithub: https://github.com/AlmasB/FXGL
10:55:23.182 [FXGL Background Thread 3 ] DEBUG Engine               - urlLeaderboard: http://fxgl-top.herokuapp.com/
10:55:23.182 [FXGL Background Thread 3 ] DEBUG Engine               - urlPOM: https://raw.githubusercontent.com/AlmasB/FXGL/release/README.md
10:55:23.182 [FXGL Background Thread 3 ] DEBUG Engine               - userAppClass: class org.example.core.GameApp
10:55:23.182 [FXGL Background Thread 3 ] DEBUG Engine               - version: 0.1.5
10:55:23.182 [FXGL Background Thread 3 ] DEBUG Engine               - versionCheckDays: 7
10:55:23.182 [FXGL Background Thread 3 ] DEBUG Engine               - width: 1280
10:55:23.182 [FXGL Background Thread 3 ] DEBUG Engine               - Logging services
10:55:23.182 [FXGL Background Thread 3 ] DEBUG Engine               - class com.almasb.fxgl.app.services.FXGLAssetLoaderService
10:55:23.182 [FXGL Background Thread 3 ] DEBUG Engine               - class com.almasb.fxgl.app.FXGLApplication$GameApplicationService
10:55:23.182 [FXGL Background Thread 3 ] DEBUG Engine               - class com.almasb.fxgl.app.services.FXGLDialogService
10:55:23.182 [FXGL Background Thread 3 ] DEBUG Engine               - class com.almasb.fxgl.app.services.IOTaskExecutorService
10:55:23.183 [FXGL Background Thread 3 ] DEBUG Engine               - class com.almasb.fxgl.io.FileSystemService
10:55:23.183 [FXGL Background Thread 3 ] DEBUG Engine               - class com.almasb.fxgl.localization.LocalizationService
10:55:23.183 [FXGL Background Thread 3 ] DEBUG Engine               - class com.almasb.fxgl.app.services.SystemBundleService
10:55:23.183 [FXGL Background Thread 3 ] DEBUG Engine               - class com.almasb.fxgl.profile.SaveLoadService
10:55:23.183 [FXGL Background Thread 3 ] DEBUG Engine               - class com.almasb.fxgl.ui.FXGLUIFactoryServiceProvider
10:55:23.183 [FXGL Background Thread 3 ] DEBUG Engine               - class com.almasb.fxgl.ui.FXGLDialogFactoryServiceProvider
10:55:23.183 [FXGL Background Thread 3 ] DEBUG Engine               - class com.almasb.fxgl.audio.AudioPlayer
10:55:23.183 [FXGL Background Thread 3 ] DEBUG Engine               - class com.almasb.fxgl.notification.impl.NotificationServiceProvider
10:55:23.183 [FXGL Background Thread 3 ] DEBUG Engine               - class com.almasb.fxgl.achievement.AchievementService
10:55:23.183 [FXGL Background Thread 3 ] DEBUG Engine               - class com.almasb.fxgl.cutscene.CutsceneService
10:55:23.183 [FXGL Background Thread 3 ] DEBUG Engine               - class com.almasb.fxgl.minigames.MiniGameService
10:55:23.183 [FXGL Background Thread 3 ] DEBUG Engine               - class com.almasb.fxgl.net.NetService
10:55:23.183 [FXGL Background Thread 3 ] DEBUG Engine               - class com.almasb.fxgl.app.services.UpdaterService
10:55:23.183 [FXGL Background Thread 3 ] DEBUG Engine               - class com.almasb.fxgl.dev.DevService
10:55:26.729 [JavaFX Application Thread] DEBUG GameWorld            - Game world initialized
10:55:26.731 [JavaFX Application Thread] DEBUG PhysicsWorld         - Physics world initialized: appHeight=720, physics.ppm=50.0
10:55:26.732 [JavaFX Application Thread] DEBUG PhysicsWorld         - Using strategy: BRUTE_FORCE
10:55:26.735 [JavaFX Application Thread] DEBUG GameScene            - Game scene initialized: 1280x720
10:55:26.869 [JavaFX Application Thread] DEBUG PrimaryStageWindow   - Push state: MainMenuScene
10:55:26.909 [JavaFX Application Thread] DEBUG Input                - Clearing active input actions
10:55:26.921 [JavaFX Application Thread] DEBUG GameApplicationServi - Removing overlay from LoginScene and adding to MainMenuScene
10:55:26.923 [JavaFX Application Thread] DEBUG PrimaryStageWindow   - LoginScene -> MainMenuScene
10:55:26.926 [JavaFX Application Thread] DEBUG GameWorld            - Game world initialized
10:55:26.929 [JavaFX Application Thread] DEBUG PhysicsWorld         - Physics world initialized: appHeight=720, physics.ppm=50.0
10:55:26.929 [JavaFX Application Thread] DEBUG PhysicsWorld         - Using strategy: BRUTE_FORCE
10:55:26.932 [JavaFX Application Thread] DEBUG GameScene            - Game scene initialized: 1280x720
10:55:26.985 [JavaFX Application Thread] DEBUG PrimaryStageWindow   - Push state: MainMenuScene
10:55:27.026 [JavaFX Application Thread] DEBUG Input                - Clearing active input actions
10:55:27.029 [JavaFX Application Thread] DEBUG GameApplicationServi - Removing overlay from MainMenuScene and adding to MainMenuScene
10:55:27.030 [JavaFX Application Thread] DEBUG PrimaryStageWindow   - MainMenuScene -> MainMenuScene
10:55:28.996 [JavaFX Application Thread] DEBUG GameApplicationServi - Starting new game
10:55:28.999 [JavaFX Application Thread] DEBUG PrimaryStageWindow   - Pop state: MainMenuScene
10:55:28.999 [JavaFX Application Thread] DEBUG Input                - Clearing active input actions
10:55:29.002 [JavaFX Application Thread] DEBUG GameApplicationServi - Removing overlay from MainMenuScene and adding to MainMenuScene
10:55:29.004 [JavaFX Application Thread] DEBUG PrimaryStageWindow   - MainMenuScene <- MainMenuScene
10:55:29.004 [JavaFX Application Thread] DEBUG PrimaryStageWindow   - Pop state: MainMenuScene
10:55:29.004 [JavaFX Application Thread] DEBUG Input                - Clearing active input actions
10:55:29.006 [JavaFX Application Thread] DEBUG GameApplicationServi - Removing overlay from MainMenuScene and adding to LoginScene
10:55:29.007 [JavaFX Application Thread] DEBUG PrimaryStageWindow   - LoginScene <- MainMenuScene
10:55:29.271 [JavaFX Application Thread] DEBUG PrimaryStageWindow   - Pop state: LoginScene
10:55:29.271 [JavaFX Application Thread] DEBUG Input                - Clearing active input actions
10:55:29.272 [JavaFX Application Thread] DEBUG GameApplicationServi - Removing overlay from LoginScene and adding to FXGLMainMenuDummyScene
10:55:29.273 [JavaFX Application Thread] DEBUG PrimaryStageWindow   - FXGLMainMenuDummyScene <- LoginScene
10:55:29.273 [JavaFX Application Thread] DEBUG Input                - Clearing active input actions
10:55:29.320 [JavaFX Application Thread] DEBUG GameApplicationServi - Removing overlay from FXGLMainMenuDummyScene and adding to FXGLLoadingScene
10:55:29.321 [JavaFX Application Thread] DEBUG PrimaryStageWindow   - FXGLMainMenuDummyScene -> FXGLLoadingScene
10:55:29.321 [JavaFX Application Thread] DEBUG GameApplicationServi - Clearing previous game
10:55:29.321 [JavaFX Application Thread] DEBUG GameScene            - Clearing game scene
10:55:29.322 [JavaFX Application Thread] DEBUG GameWorld            - Clearing game world
10:55:29.322 [JavaFX Application Thread] DEBUG PhysicsWorld         - Clearing physics world
10:55:29.326 [FXGL Background Thread 2 ] DEBUG FXGLApplication      - Initializing game
10:55:29.457 [FXGL Background Thread 2 ] DEBUG FXGLAssetLoaderServi - Loading from file system: file:/C:/Users/ginac/IdeaProjects/TheOnlyException3/Test/target/classes/assets/textures/dasd.png
10:55:29.577 [FXGL Background Thread 2 ] DEBUG FXGLAssetLoaderServi - Loading from file system: file:/C:/Users/ginac/IdeaProjects/TheOnlyException3/Test/target/classes/assets/textures/player-scaled.png
10:55:29.876 [FXGL Background Thread 2 ] INFO  FXGLApplication      - Game initialization took: 0.550 sec
10:55:29.879 [JavaFX Application Thread] DEBUG Input                - Clearing active input actions
10:55:29.911 [JavaFX Application Thread] DEBUG GameApplicationServi - Removing overlay from FXGLLoadingScene and adding to GameScene
10:55:29.912 [JavaFX Application Thread] DEBUG PrimaryStageWindow   - FXGLLoadingScene -> GameScene
10:55:30.651 [JavaFX Application Thread] DEBUG FXGLAssetLoaderServi - Loading from file system: file:/C:/Users/ginac/IdeaProjects/TheOnlyException3/Test/target/classes/assets/textures/MaggotWalk-scaled.png
10:55:30.672 [JavaFX Application Thread] DEBUG FXGLAssetLoaderServi - Loading from file system: file:/C:/Users/ginac/IdeaProjects/TheOnlyException3/Test/target/classes/assets/textures/BeetleMove-scaled.png
10:55:30.680 [JavaFX Application Thread] DEBUG FXGLAssetLoaderServi - Loading from file system: file:/C:/Users/ginac/IdeaProjects/TheOnlyException3/Test/target/classes/assets/textures/MantisMove-scaled.png
10:55:30.688 [JavaFX Application Thread] DEBUG FXGLAssetLoaderServi - Loading from file system: file:/C:/Users/ginac/IdeaProjects/TheOnlyException3/Test/target/classes/assets/textures/BeeMove-scaled.png
10:55:30.706 [JavaFX Application Thread] DEBUG FXGLAssetLoaderServi - Loading from file system: file:/C:/Users/ginac/IdeaProjects/TheOnlyException3/Test/target/classes/assets/textures/GiantFly.png
10:55:30.715 [JavaFX Application Thread] DEBUG FXGLAssetLoaderServi - Loading from file system: file:/C:/Users/ginac/IdeaProjects/TheOnlyException3/Test/target/classes/assets/textures/DragonFly.png
10:55:42.647 [JavaFX Application Thread] DEBUG PrimaryStageWindow   - Push state: DialogSubScene
10:55:42.647 [JavaFX Application Thread] DEBUG Input                - Clearing active input actions
10:55:42.653 [JavaFX Application Thread] DEBUG GameApplicationServi - Removing overlay from GameScene and adding to DialogSubScene
10:55:42.653 [JavaFX Application Thread] DEBUG PrimaryStageWindow   - GameScene -> DialogSubScene
10:55:44.564 [JavaFX Application Thread] DEBUG PrimaryStageWindow   - Pop state: DialogSubScene
10:55:44.566 [JavaFX Application Thread] DEBUG Input                - Clearing active input actions
10:55:44.567 [JavaFX Application Thread] DEBUG GameApplicationServi - Removing overlay from DialogSubScene and adding to GameScene
10:55:44.567 [JavaFX Application Thread] DEBUG PrimaryStageWindow   - GameScene <- DialogSubScene
10:55:47.535 [JavaFX Application Thread] DEBUG PrimaryStageWindow   - Push state: DialogSubScene
10:55:47.535 [JavaFX Application Thread] DEBUG Input                - Clearing active input actions
10:55:47.535 [JavaFX Application Thread] DEBUG GameApplicationServi - Removing overlay from GameScene and adding to DialogSubScene
10:55:47.535 [JavaFX Application Thread] DEBUG PrimaryStageWindow   - GameScene -> DialogSubScene
10:55:48.519 [JavaFX Application Thread] DEBUG PrimaryStageWindow   - Pop state: DialogSubScene
10:55:48.519 [JavaFX Application Thread] DEBUG Input                - Clearing active input actions
10:55:48.520 [JavaFX Application Thread] DEBUG GameApplicationServi - Removing overlay from DialogSubScene and adding to GameScene
10:55:48.521 [JavaFX Application Thread] DEBUG PrimaryStageWindow   - GameScene <- DialogSubScene
10:55:53.827 [JavaFX Application Thread] DEBUG FXGLAssetLoaderServi - Loading from file system: file:/C:/Users/ginac/IdeaProjects/TheOnlyException3/Test/target/classes/assets/textures/lightning_strike.png
10:56:00.863 [JavaFX Application Thread] DEBUG PrimaryStageWindow   - Push state: DialogSubScene
10:56:00.863 [JavaFX Application Thread] DEBUG Input                - Clearing active input actions
10:56:00.865 [JavaFX Application Thread] DEBUG GameApplicationServi - Removing overlay from GameScene and adding to DialogSubScene
10:56:00.865 [JavaFX Application Thread] DEBUG PrimaryStageWindow   - GameScene -> DialogSubScene
10:56:02.550 [JavaFX Application Thread] DEBUG PrimaryStageWindow   - Pop state: DialogSubScene
10:56:02.550 [JavaFX Application Thread] DEBUG Input                - Clearing active input actions
10:56:02.551 [JavaFX Application Thread] DEBUG GameApplicationServi - Removing overlay from DialogSubScene and adding to GameScene
10:56:02.551 [JavaFX Application Thread] DEBUG PrimaryStageWindow   - GameScene <- DialogSubScene
10:56:02.564 [JavaFX Application Thread] WARN  FXGLAssetLoaderServi - Asset "/assets/textures/particles/spark.png" was not found!
10:56:02.566 [JavaFX Application Thread] WARN  FXGLAssetLoaderServi - Failed to load RESIZABLE_IMAGE
10:56:12.188 [JavaFX Application Thread] DEBUG PrimaryStageWindow   - Push state: DialogSubScene
10:56:12.189 [JavaFX Application Thread] DEBUG Input                - Clearing active input actions
10:56:12.189 [JavaFX Application Thread] DEBUG GameApplicationServi - Removing overlay from GameScene and adding to DialogSubScene
10:56:12.190 [JavaFX Application Thread] DEBUG PrimaryStageWindow   - GameScene -> DialogSubScene
10:56:13.397 [JavaFX Application Thread] DEBUG PrimaryStageWindow   - Pop state: DialogSubScene
10:56:13.397 [JavaFX Application Thread] DEBUG Input                - Clearing active input actions
10:56:13.398 [JavaFX Application Thread] DEBUG GameApplicationServi - Removing overlay from DialogSubScene and adding to GameScene
10:56:13.398 [JavaFX Application Thread] DEBUG PrimaryStageWindow   - GameScene <- DialogSubScene
10:56:18.906 [JavaFX Application Thread] WARN  FXGLAssetLoaderServi - Asset "/assets/textures/particles/spark.png" was not found!
10:56:18.906 [JavaFX Application Thread] WARN  FXGLAssetLoaderServi - Failed to load RESIZABLE_IMAGE
10:56:33.945 [JavaFX Application Thread] WARN  FXGLAssetLoaderServi - Asset "/assets/textures/particles/spark.png" was not found!
10:56:33.946 [JavaFX Application Thread] WARN  FXGLAssetLoaderServi - Failed to load RESIZABLE_IMAGE
10:56:41.100 [JavaFX Application Thread] DEBUG PrimaryStageWindow   - Push state: DialogSubScene
10:56:41.100 [JavaFX Application Thread] DEBUG Input                - Clearing active input actions
10:56:41.101 [JavaFX Application Thread] DEBUG GameApplicationServi - Removing overlay from GameScene and adding to DialogSubScene
10:56:41.101 [JavaFX Application Thread] DEBUG PrimaryStageWindow   - GameScene -> DialogSubScene
10:56:42.365 [JavaFX Application Thread] DEBUG PrimaryStageWindow   - Pop state: DialogSubScene
10:56:42.366 [JavaFX Application Thread] DEBUG Input                - Clearing active input actions
10:56:42.366 [JavaFX Application Thread] DEBUG GameApplicationServi - Removing overlay from DialogSubScene and adding to GameScene
10:56:42.366 [JavaFX Application Thread] DEBUG PrimaryStageWindow   - GameScene <- DialogSubScene
10:56:50.248 [JavaFX Application Thread] WARN  FXGLAssetLoaderServi - Asset "/assets/textures/particles/spark.png" was not found!
10:56:50.249 [JavaFX Application Thread] WARN  FXGLAssetLoaderServi - Failed to load RESIZABLE_IMAGE
10:57:05.195 [JavaFX Application Thread] WARN  FXGLAssetLoaderServi - Asset "/assets/textures/particles/spark.png" was not found!
10:57:05.195 [JavaFX Application Thread] WARN  FXGLAssetLoaderServi - Failed to load RESIZABLE_IMAGE
10:57:17.084 [JavaFX Application Thread] DEBUG PrimaryStageWindow   - Push state: DialogSubScene
10:57:17.084 [JavaFX Application Thread] DEBUG Input                - Clearing active input actions
10:57:17.085 [JavaFX Application Thread] DEBUG GameApplicationServi - Removing overlay from GameScene and adding to DialogSubScene
10:57:17.085 [JavaFX Application Thread] DEBUG PrimaryStageWindow   - GameScene -> DialogSubScene
10:57:20.098 [JavaFX Application Thread] DEBUG PrimaryStageWindow   - Pop state: DialogSubScene
10:57:20.098 [JavaFX Application Thread] DEBUG Input                - Clearing active input actions
10:57:20.098 [JavaFX Application Thread] DEBUG GameApplicationServi - Removing overlay from DialogSubScene and adding to GameScene
10:57:20.098 [JavaFX Application Thread] DEBUG PrimaryStageWindow   - GameScene <- DialogSubScene
10:57:23.261 [JavaFX Application Thread] WARN  FXGLAssetLoaderServi - Asset "/assets/textures/particles/spark.png" was not found!
10:57:23.262 [JavaFX Application Thread] WARN  FXGLAssetLoaderServi - Failed to load RESIZABLE_IMAGE
10:57:38.264 [JavaFX Application Thread] WARN  FXGLAssetLoaderServi - Asset "/assets/textures/particles/spark.png" was not found!
10:57:38.264 [JavaFX Application Thread] WARN  FXGLAssetLoaderServi - Failed to load RESIZABLE_IMAGE
10:57:53.275 [JavaFX Application Thread] WARN  FXGLAssetLoaderServi - Asset "/assets/textures/particles/spark.png" was not found!
10:57:53.276 [JavaFX Application Thread] WARN  FXGLAssetLoaderServi - Failed to load RESIZABLE_IMAGE
10:58:00.187 [JavaFX Application Thread] WARN  FXGLAssetLoaderServi - Asset "/assets/textures/particles/glassparticle.png" was not found!
10:58:00.188 [JavaFX Application Thread] WARN  FXGLAssetLoaderServi - Failed to load RESIZABLE_IMAGE
10:58:08.249 [JavaFX Application Thread] WARN  FXGLAssetLoaderServi - Asset "/assets/textures/particles/spark.png" was not found!
10:58:08.249 [JavaFX Application Thread] WARN  FXGLAssetLoaderServi - Failed to load RESIZABLE_IMAGE
10:58:09.011 [JavaFX Application Thread] DEBUG PrimaryStageWindow   - Push state: DialogSubScene
10:58:09.012 [JavaFX Application Thread] DEBUG Input                - Clearing active input actions
10:58:09.013 [JavaFX Application Thread] DEBUG GameApplicationServi - Removing overlay from GameScene and adding to DialogSubScene
10:58:09.013 [JavaFX Application Thread] DEBUG PrimaryStageWindow   - GameScene -> DialogSubScene
10:58:10.066 [JavaFX Application Thread] DEBUG PrimaryStageWindow   - Pop state: DialogSubScene
10:58:10.067 [JavaFX Application Thread] DEBUG Input                - Clearing active input actions
10:58:10.067 [JavaFX Application Thread] DEBUG GameApplicationServi - Removing overlay from DialogSubScene and adding to GameScene
10:58:10.069 [JavaFX Application Thread] DEBUG PrimaryStageWindow   - GameScene <- DialogSubScene
10:58:23.945 [JavaFX Application Thread] WARN  FXGLAssetLoaderServi - Asset "/assets/textures/particles/spark.png" was not found!
10:58:23.946 [JavaFX Application Thread] WARN  FXGLAssetLoaderServi - Failed to load RESIZABLE_IMAGE
10:58:38.938 [JavaFX Application Thread] WARN  FXGLAssetLoaderServi - Asset "/assets/textures/particles/spark.png" was not found!
10:58:38.940 [JavaFX Application Thread] WARN  FXGLAssetLoaderServi - Failed to load RESIZABLE_IMAGE
10:58:53.945 [JavaFX Application Thread] WARN  FXGLAssetLoaderServi - Asset "/assets/textures/particles/spark.png" was not found!
10:58:53.945 [JavaFX Application Thread] WARN  FXGLAssetLoaderServi - Failed to load RESIZABLE_IMAGE
10:59:00.001 [JavaFX Application Thread] DEBUG PrimaryStageWindow   - Push state: DialogSubScene
10:59:00.001 [JavaFX Application Thread] DEBUG Input                - Clearing active input actions
10:59:00.002 [JavaFX Application Thread] DEBUG GameApplicationServi - Removing overlay from GameScene and adding to DialogSubScene
10:59:00.002 [JavaFX Application Thread] DEBUG PrimaryStageWindow   - GameScene -> DialogSubScene
10:59:01.944 [JavaFX Application Thread] DEBUG PrimaryStageWindow   - Pop state: DialogSubScene
10:59:01.944 [JavaFX Application Thread] DEBUG Input                - Clearing active input actions
10:59:01.945 [JavaFX Application Thread] DEBUG GameApplicationServi - Removing overlay from DialogSubScene and adding to GameScene
10:59:01.945 [JavaFX Application Thread] DEBUG PrimaryStageWindow   - GameScene <- DialogSubScene
10:59:08.860 [JavaFX Application Thread] WARN  FXGLAssetLoaderServi - Asset "/assets/textures/orange_particle.png" was not found!
10:59:08.861 [JavaFX Application Thread] WARN  FXGLAssetLoaderServi - Failed to load IMAGE
10:59:10.792 [JavaFX Application Thread] WARN  FXGLAssetLoaderServi - Asset "/assets/textures/particles/spark.png" was not found!
10:59:10.792 [JavaFX Application Thread] WARN  FXGLAssetLoaderServi - Failed to load RESIZABLE_IMAGE
10:59:10.841 [JavaFX Application Thread] WARN  FXGLAssetLoaderServi - Asset "/assets/textures/orange_particle.png" was not found!
10:59:10.842 [JavaFX Application Thread] WARN  FXGLAssetLoaderServi - Failed to load IMAGE
10:59:12.873 [JavaFX Application Thread] WARN  FXGLAssetLoaderServi - Asset "/assets/textures/orange_particle.png" was not found!
10:59:12.873 [JavaFX Application Thread] WARN  FXGLAssetLoaderServi - Failed to load IMAGE
10:59:14.889 [JavaFX Application Thread] WARN  FXGLAssetLoaderServi - Asset "/assets/textures/orange_particle.png" was not found!
10:59:14.889 [JavaFX Application Thread] WARN  FXGLAssetLoaderServi - Failed to load IMAGE
10:59:16.908 [JavaFX Application Thread] WARN  FXGLAssetLoaderServi - Asset "/assets/textures/orange_particle.png" was not found!
10:59:16.908 [JavaFX Application Thread] WARN  FXGLAssetLoaderServi - Failed to load IMAGE
10:59:18.922 [JavaFX Application Thread] WARN  FXGLAssetLoaderServi - Asset "/assets/textures/orange_particle.png" was not found!
10:59:18.922 [JavaFX Application Thread] WARN  FXGLAssetLoaderServi - Failed to load IMAGE
10:59:20.953 [JavaFX Application Thread] WARN  FXGLAssetLoaderServi - Asset "/assets/textures/orange_particle.png" was not found!
10:59:20.953 [JavaFX Application Thread] WARN  FXGLAssetLoaderServi - Failed to load IMAGE
10:59:23.065 [JavaFX Application Thread] WARN  FXGLAssetLoaderServi - Asset "/assets/textures/orange_particle.png" was not found!
10:59:23.065 [JavaFX Application Thread] WARN  FXGLAssetLoaderServi - Failed to load IMAGE
10:59:25.001 [JavaFX Application Thread] WARN  FXGLAssetLoaderServi - Asset "/assets/textures/orange_particle.png" was not found!
10:59:25.001 [JavaFX Application Thread] WARN  FXGLAssetLoaderServi - Failed to load IMAGE
10:59:25.250 [JavaFX Application Thread] WARN  FXGLAssetLoaderServi - Asset "/assets/textures/particles/glassparticle.png" was not found!
10:59:25.250 [JavaFX Application Thread] WARN  FXGLAssetLoaderServi - Failed to load RESIZABLE_IMAGE
10:59:25.897 [JavaFX Application Thread] WARN  FXGLAssetLoaderServi - Asset "/assets/textures/particles/spark.png" was not found!
10:59:25.898 [JavaFX Application Thread] WARN  FXGLAssetLoaderServi - Failed to load RESIZABLE_IMAGE
10:59:27.068 [JavaFX Application Thread] WARN  FXGLAssetLoaderServi - Asset "/assets/textures/orange_particle.png" was not found!
10:59:27.069 [JavaFX Application Thread] WARN  FXGLAssetLoaderServi - Failed to load IMAGE
10:59:29.033 [JavaFX Application Thread] WARN  FXGLAssetLoaderServi - Asset "/assets/textures/orange_particle.png" was not found!
10:59:29.033 [JavaFX Application Thread] WARN  FXGLAssetLoaderServi - Failed to load IMAGE
10:59:31.033 [JavaFX Application Thread] WARN  FXGLAssetLoaderServi - Asset "/assets/textures/orange_particle.png" was not found!
10:59:31.034 [JavaFX Application Thread] WARN  FXGLAssetLoaderServi - Failed to load IMAGE
10:59:33.049 [JavaFX Application Thread] WARN  FXGLAssetLoaderServi - Asset "/assets/textures/orange_particle.png" was not found!
10:59:33.050 [JavaFX Application Thread] WARN  FXGLAssetLoaderServi - Failed to load IMAGE
10:59:35.080 [JavaFX Application Thread] WARN  FXGLAssetLoaderServi - Asset "/assets/textures/orange_particle.png" was not found!
10:59:35.081 [JavaFX Application Thread] WARN  FXGLAssetLoaderServi - Failed to load IMAGE
10:59:37.065 [JavaFX Application Thread] WARN  FXGLAssetLoaderServi - Asset "/assets/textures/orange_particle.png" was not found!
10:59:37.065 [JavaFX Application Thread] WARN  FXGLAssetLoaderServi - Failed to load IMAGE
10:59:39.082 [JavaFX Application Thread] WARN  FXGLAssetLoaderServi - Asset "/assets/textures/orange_particle.png" was not found!
10:59:39.082 [JavaFX Application Thread] WARN  FXGLAssetLoaderServi - Failed to load IMAGE
10:59:40.857 [JavaFX Application Thread] WARN  FXGLAssetLoaderServi - Asset "/assets/textures/particles/spark.png" was not found!
10:59:40.857 [JavaFX Application Thread] WARN  FXGLAssetLoaderServi - Failed to load RESIZABLE_IMAGE
10:59:41.098 [JavaFX Application Thread] WARN  FXGLAssetLoaderServi - Asset "/assets/textures/orange_particle.png" was not found!
10:59:41.099 [JavaFX Application Thread] WARN  FXGLAssetLoaderServi - Failed to load IMAGE
10:59:43.113 [JavaFX Application Thread] WARN  FXGLAssetLoaderServi - Asset "/assets/textures/orange_particle.png" was not found!
10:59:43.114 [JavaFX Application Thread] WARN  FXGLAssetLoaderServi - Failed to load IMAGE
10:59:45.145 [JavaFX Application Thread] WARN  FXGLAssetLoaderServi - Asset "/assets/textures/orange_particle.png" was not found!
10:59:45.146 [JavaFX Application Thread] WARN  FXGLAssetLoaderServi - Failed to load IMAGE
10:59:47.161 [JavaFX Application Thread] WARN  FXGLAssetLoaderServi - Asset "/assets/textures/orange_particle.png" was not found!
10:59:47.161 [JavaFX Application Thread] WARN  FXGLAssetLoaderServi - Failed to load IMAGE
10:59:49.160 [JavaFX Application Thread] WARN  FXGLAssetLoaderServi - Asset "/assets/textures/orange_particle.png" was not found!
10:59:49.161 [JavaFX Application Thread] WARN  FXGLAssetLoaderServi - Failed to load IMAGE
10:59:51.160 [JavaFX Application Thread] WARN  FXGLAssetLoaderServi - Asset "/assets/textures/orange_particle.png" was not found!
10:59:51.161 [JavaFX Application Thread] WARN  FXGLAssetLoaderServi - Failed to load IMAGE
10:59:53.161 [JavaFX Application Thread] WARN  FXGLAssetLoaderServi - Asset "/assets/textures/orange_particle.png" was not found!
10:59:53.161 [JavaFX Application Thread] WARN  FXGLAssetLoaderServi - Failed to load IMAGE
10:59:55.161 [JavaFX Application Thread] WARN  FXGLAssetLoaderServi - Asset "/assets/textures/orange_particle.png" was not found!
10:59:55.161 [JavaFX Application Thread] WARN  FXGLAssetLoaderServi - Failed to load IMAGE
10:59:55.833 [JavaFX Application Thread] WARN  FXGLAssetLoaderServi - Asset "/assets/textures/particles/spark.png" was not found!
10:59:55.833 [JavaFX Application Thread] WARN  FXGLAssetLoaderServi - Failed to load RESIZABLE_IMAGE
10:59:57.162 [JavaFX Application Thread] WARN  FXGLAssetLoaderServi - Asset "/assets/textures/orange_particle.png" was not found!
10:59:57.162 [JavaFX Application Thread] WARN  FXGLAssetLoaderServi - Failed to load IMAGE
10:59:59.082 [JavaFX Application Thread] WARN  FXGLAssetLoaderServi - Asset "/assets/textures/particles/glassparticle.png" was not found!
10:59:59.084 [JavaFX Application Thread] WARN  FXGLAssetLoaderServi - Failed to load RESIZABLE_IMAGE
10:59:59.186 [JavaFX Application Thread] WARN  FXGLAssetLoaderServi - Asset "/assets/textures/orange_particle.png" was not found!
10:59:59.186 [JavaFX Application Thread] WARN  FXGLAssetLoaderServi - Failed to load IMAGE
11:00:01.209 [JavaFX Application Thread] WARN  FXGLAssetLoaderServi - Asset "/assets/textures/orange_particle.png" was not found!
11:00:01.210 [JavaFX Application Thread] WARN  FXGLAssetLoaderServi - Failed to load IMAGE
11:00:03.224 [JavaFX Application Thread] WARN  FXGLAssetLoaderServi - Asset "/assets/textures/orange_particle.png" was not found!
11:00:03.225 [JavaFX Application Thread] WARN  FXGLAssetLoaderServi - Failed to load IMAGE
11:00:05.267 [JavaFX Application Thread] WARN  FXGLAssetLoaderServi - Asset "/assets/textures/orange_particle.png" was not found!
11:00:05.267 [JavaFX Application Thread] WARN  FXGLAssetLoaderServi - Failed to load IMAGE
11:00:07.289 [JavaFX Application Thread] WARN  FXGLAssetLoaderServi - Asset "/assets/textures/orange_particle.png" was not found!
11:00:07.289 [JavaFX Application Thread] WARN  FXGLAssetLoaderServi - Failed to load IMAGE
11:00:07.405 [JavaFX Application Thread] DEBUG PrimaryStageWindow   - Push state: DialogSubScene
11:00:07.405 [JavaFX Application Thread] DEBUG Input                - Clearing active input actions
11:00:07.406 [JavaFX Application Thread] DEBUG GameApplicationServi - Removing overlay from GameScene and adding to DialogSubScene
11:00:07.406 [JavaFX Application Thread] DEBUG PrimaryStageWindow   - GameScene -> DialogSubScene
11:00:08.670 [JavaFX Application Thread] DEBUG PrimaryStageWindow   - Pop state: DialogSubScene
11:00:08.670 [JavaFX Application Thread] DEBUG Input                - Clearing active input actions
11:00:08.670 [JavaFX Application Thread] DEBUG GameApplicationServi - Removing overlay from DialogSubScene and adding to GameScene
11:00:08.670 [JavaFX Application Thread] DEBUG PrimaryStageWindow   - GameScene <- DialogSubScene
11:00:10.313 [JavaFX Application Thread] WARN  FXGLAssetLoaderServi - Asset "/assets/textures/orange_particle.png" was not found!
11:00:10.313 [JavaFX Application Thread] WARN  FXGLAssetLoaderServi - Failed to load IMAGE
11:00:11.865 [JavaFX Application Thread] WARN  FXGLAssetLoaderServi - Asset "/assets/textures/particles/spark.png" was not found!
11:00:11.866 [JavaFX Application Thread] WARN  FXGLAssetLoaderServi - Failed to load RESIZABLE_IMAGE
11:00:12.282 [JavaFX Application Thread] WARN  FXGLAssetLoaderServi - Asset "/assets/textures/orange_particle.png" was not found!
11:00:12.283 [JavaFX Application Thread] WARN  FXGLAssetLoaderServi - Failed to load IMAGE
11:00:13.372 [JavaFX Application Thread] WARN  FXGLAssetLoaderServi - Asset "/assets/textures/green_particle.png" was not found!
11:00:13.372 [JavaFX Application Thread] WARN  FXGLAssetLoaderServi - Failed to load IMAGE
11:00:14.282 [JavaFX Application Thread] WARN  FXGLAssetLoaderServi - Asset "/assets/textures/orange_particle.png" was not found!
11:00:14.282 [JavaFX Application Thread] WARN  FXGLAssetLoaderServi - Failed to load IMAGE
11:00:16.327 [JavaFX Application Thread] WARN  FXGLAssetLoaderServi - Asset "/assets/textures/orange_particle.png" was not found!
11:00:16.328 [JavaFX Application Thread] WARN  FXGLAssetLoaderServi - Failed to load IMAGE
11:00:18.297 [JavaFX Application Thread] WARN  FXGLAssetLoaderServi - Asset "/assets/textures/orange_particle.png" was not found!
11:00:18.298 [JavaFX Application Thread] WARN  FXGLAssetLoaderServi - Failed to load IMAGE
11:00:18.396 [JavaFX Application Thread] WARN  FXGLAssetLoaderServi - Asset "/assets/textures/green_particle.png" was not found!
11:00:18.396 [JavaFX Application Thread] WARN  FXGLAssetLoaderServi - Failed to load IMAGE
11:00:20.299 [JavaFX Application Thread] WARN  FXGLAssetLoaderServi - Asset "/assets/textures/orange_particle.png" was not found!
11:00:20.299 [JavaFX Application Thread] WARN  FXGLAssetLoaderServi - Failed to load IMAGE
11:00:22.315 [JavaFX Application Thread] WARN  FXGLAssetLoaderServi - Asset "/assets/textures/orange_particle.png" was not found!
11:00:22.315 [JavaFX Application Thread] WARN  FXGLAssetLoaderServi - Failed to load IMAGE
11:00:23.370 [JavaFX Application Thread] WARN  FXGLAssetLoaderServi - Asset "/assets/textures/green_particle.png" was not found!
11:00:23.370 [JavaFX Application Thread] WARN  FXGLAssetLoaderServi - Failed to load IMAGE
11:00:24.329 [JavaFX Application Thread] WARN  FXGLAssetLoaderServi - Asset "/assets/textures/orange_particle.png" was not found!
11:00:24.329 [JavaFX Application Thread] WARN  FXGLAssetLoaderServi - Failed to load IMAGE
11:00:26.345 [JavaFX Application Thread] WARN  FXGLAssetLoaderServi - Asset "/assets/textures/orange_particle.png" was not found!
11:00:26.345 [JavaFX Application Thread] WARN  FXGLAssetLoaderServi - Failed to load IMAGE
11:00:26.841 [JavaFX Application Thread] WARN  FXGLAssetLoaderServi - Asset "/assets/textures/particles/spark.png" was not found!
11:00:26.841 [JavaFX Application Thread] WARN  FXGLAssetLoaderServi - Failed to load RESIZABLE_IMAGE
11:00:28.361 [JavaFX Application Thread] WARN  FXGLAssetLoaderServi - Asset "/assets/textures/orange_particle.png" was not found!
11:00:28.361 [JavaFX Application Thread] WARN  FXGLAssetLoaderServi - Failed to load IMAGE
11:00:28.393 [JavaFX Application Thread] WARN  FXGLAssetLoaderServi - Asset "/assets/textures/green_particle.png" was not found!
11:00:28.393 [JavaFX Application Thread] WARN  FXGLAssetLoaderServi - Failed to load IMAGE
11:00:30.378 [JavaFX Application Thread] WARN  FXGLAssetLoaderServi - Asset "/assets/textures/orange_particle.png" was not found!
11:00:30.379 [JavaFX Application Thread] WARN  FXGLAssetLoaderServi - Failed to load IMAGE
11:00:32.392 [JavaFX Application Thread] WARN  FXGLAssetLoaderServi - Asset "/assets/textures/orange_particle.png" was not found!
11:00:32.392 [JavaFX Application Thread] WARN  FXGLAssetLoaderServi - Failed to load IMAGE
11:00:32.825 [JavaFX Application Thread] WARN  FXGLAssetLoaderServi - Asset "/assets/textures/particles/glassparticle.png" was not found!
11:00:32.826 [JavaFX Application Thread] WARN  FXGLAssetLoaderServi - Failed to load RESIZABLE_IMAGE
11:00:33.418 [JavaFX Application Thread] WARN  FXGLAssetLoaderServi - Asset "/assets/textures/green_particle.png" was not found!
11:00:33.418 [JavaFX Application Thread] WARN  FXGLAssetLoaderServi - Failed to load IMAGE
11:00:34.425 [JavaFX Application Thread] WARN  FXGLAssetLoaderServi - Asset "/assets/textures/orange_particle.png" was not found!
11:00:34.425 [JavaFX Application Thread] WARN  FXGLAssetLoaderServi - Failed to load IMAGE
11:00:36.409 [JavaFX Application Thread] WARN  FXGLAssetLoaderServi - Asset "/assets/textures/orange_particle.png" was not found!
11:00:36.409 [JavaFX Application Thread] WARN  FXGLAssetLoaderServi - Failed to load IMAGE
11:00:38.393 [JavaFX Application Thread] WARN  FXGLAssetLoaderServi - Asset "/assets/textures/green_particle.png" was not found!
11:00:38.393 [JavaFX Application Thread] WARN  FXGLAssetLoaderServi - Failed to load IMAGE
11:00:38.409 [JavaFX Application Thread] WARN  FXGLAssetLoaderServi - Asset "/assets/textures/orange_particle.png" was not found!
11:00:38.409 [JavaFX Application Thread] WARN  FXGLAssetLoaderServi - Failed to load IMAGE
11:00:40.441 [JavaFX Application Thread] WARN  FXGLAssetLoaderServi - Asset "/assets/textures/orange_particle.png" was not found!
11:00:40.442 [JavaFX Application Thread] WARN  FXGLAssetLoaderServi - Failed to load IMAGE
11:00:41.866 [JavaFX Application Thread] WARN  FXGLAssetLoaderServi - Asset "/assets/textures/particles/spark.png" was not found!
11:00:41.867 [JavaFX Application Thread] WARN  FXGLAssetLoaderServi - Failed to load RESIZABLE_IMAGE
11:00:42.467 [JavaFX Application Thread] WARN  FXGLAssetLoaderServi - Asset "/assets/textures/orange_particle.png" was not found!
11:00:42.468 [JavaFX Application Thread] WARN  FXGLAssetLoaderServi - Failed to load IMAGE
11:00:43.416 [JavaFX Application Thread] WARN  FXGLAssetLoaderServi - Asset "/assets/textures/green_particle.png" was not found!
11:00:43.417 [JavaFX Application Thread] WARN  FXGLAssetLoaderServi - Failed to load IMAGE
11:00:44.443 [JavaFX Application Thread] WARN  FXGLAssetLoaderServi - Asset "/assets/textures/orange_particle.png" was not found!
11:00:44.443 [JavaFX Application Thread] WARN  FXGLAssetLoaderServi - Failed to load IMAGE
11:00:46.441 [JavaFX Application Thread] WARN  FXGLAssetLoaderServi - Asset "/assets/textures/orange_particle.png" was not found!
11:00:46.441 [JavaFX Application Thread] WARN  FXGLAssetLoaderServi - Failed to load IMAGE
11:00:48.409 [JavaFX Application Thread] WARN  FXGLAssetLoaderServi - Asset "/assets/textures/green_particle.png" was not found!
11:00:48.409 [JavaFX Application Thread] WARN  FXGLAssetLoaderServi - Failed to load IMAGE
11:00:48.473 [JavaFX Application Thread] WARN  FXGLAssetLoaderServi - Asset "/assets/textures/orange_particle.png" was not found!
11:00:48.473 [JavaFX Application Thread] WARN  FXGLAssetLoaderServi - Failed to load IMAGE
11:00:50.488 [JavaFX Application Thread] WARN  FXGLAssetLoaderServi - Asset "/assets/textures/orange_particle.png" was not found!
11:00:50.489 [JavaFX Application Thread] WARN  FXGLAssetLoaderServi - Failed to load IMAGE
11:00:52.217 [JavaFX Application Thread] WARN  FXGLAssetLoaderServi - Asset "/assets/textures/particles/glassparticle.png" was not found!
11:00:52.217 [JavaFX Application Thread] WARN  FXGLAssetLoaderServi - Failed to load RESIZABLE_IMAGE
11:00:52.508 [JavaFX Application Thread] WARN  FXGLAssetLoaderServi - Asset "/assets/textures/orange_particle.png" was not found!
11:00:52.509 [JavaFX Application Thread] WARN  FXGLAssetLoaderServi - Failed to load IMAGE
11:00:53.417 [JavaFX Application Thread] WARN  FXGLAssetLoaderServi - Asset "/assets/textures/green_particle.png" was not found!
11:00:53.418 [JavaFX Application Thread] WARN  FXGLAssetLoaderServi - Failed to load IMAGE
11:00:54.521 [JavaFX Application Thread] WARN  FXGLAssetLoaderServi - Asset "/assets/textures/orange_particle.png" was not found!
11:00:54.521 [JavaFX Application Thread] WARN  FXGLAssetLoaderServi - Failed to load IMAGE
11:00:56.537 [JavaFX Application Thread] WARN  FXGLAssetLoaderServi - Asset "/assets/textures/orange_particle.png" was not found!
11:00:56.537 [JavaFX Application Thread] WARN  FXGLAssetLoaderServi - Failed to load IMAGE
11:00:56.843 [JavaFX Application Thread] WARN  FXGLAssetLoaderServi - Asset "/assets/textures/particles/spark.png" was not found!
11:00:56.843 [JavaFX Application Thread] WARN  FXGLAssetLoaderServi - Failed to load RESIZABLE_IMAGE
11:00:58.441 [JavaFX Application Thread] WARN  FXGLAssetLoaderServi - Asset "/assets/textures/green_particle.png" was not found!
11:00:58.442 [JavaFX Application Thread] WARN  FXGLAssetLoaderServi - Failed to load IMAGE
11:00:58.580 [JavaFX Application Thread] WARN  FXGLAssetLoaderServi - Asset "/assets/textures/orange_particle.png" was not found!
11:00:58.580 [JavaFX Application Thread] WARN  FXGLAssetLoaderServi - Failed to load IMAGE
11:01:00.591 [JavaFX Application Thread] WARN  FXGLAssetLoaderServi - Asset "/assets/textures/orange_particle.png" was not found!
11:01:00.591 [JavaFX Application Thread] WARN  FXGLAssetLoaderServi - Failed to load IMAGE
11:01:02.609 [JavaFX Application Thread] WARN  FXGLAssetLoaderServi - Asset "/assets/textures/orange_particle.png" was not found!
11:01:02.609 [JavaFX Application Thread] WARN  FXGLAssetLoaderServi - Failed to load IMAGE
11:01:03.433 [JavaFX Application Thread] WARN  FXGLAssetLoaderServi - Asset "/assets/textures/green_particle.png" was not found!
11:01:03.434 [JavaFX Application Thread] WARN  FXGLAssetLoaderServi - Failed to load IMAGE
11:01:04.596 [JavaFX Application Thread] WARN  FXGLAssetLoaderServi - Asset "/assets/textures/orange_particle.png" was not found!
11:01:04.596 [JavaFX Application Thread] WARN  FXGLAssetLoaderServi - Failed to load IMAGE
11:01:06.600 [JavaFX Application Thread] WARN  FXGLAssetLoaderServi - Asset "/assets/textures/orange_particle.png" was not found!
11:01:06.600 [JavaFX Application Thread] WARN  FXGLAssetLoaderServi - Failed to load IMAGE
11:01:07.931 [JavaFX Application Thread] WARN  FXGLAssetLoaderServi - Asset "/assets/textures/particles/glassparticle.png" was not found!
11:01:07.931 [JavaFX Application Thread] WARN  FXGLAssetLoaderServi - Failed to load RESIZABLE_IMAGE
11:01:08.489 [JavaFX Application Thread] WARN  FXGLAssetLoaderServi - Asset "/assets/textures/green_particle.png" was not found!
11:01:08.489 [JavaFX Application Thread] WARN  FXGLAssetLoaderServi - Failed to load IMAGE
11:01:08.650 [JavaFX Application Thread] WARN  FXGLAssetLoaderServi - Asset "/assets/textures/orange_particle.png" was not found!
11:01:08.650 [JavaFX Application Thread] WARN  FXGLAssetLoaderServi - Failed to load IMAGE
11:01:10.634 [JavaFX Application Thread] WARN  FXGLAssetLoaderServi - Asset "/assets/textures/orange_particle.png" was not found!
11:01:10.634 [JavaFX Application Thread] WARN  FXGLAssetLoaderServi - Failed to load IMAGE
11:01:11.833 [JavaFX Application Thread] WARN  FXGLAssetLoaderServi - Asset "/assets/textures/particles/spark.png" was not found!
11:01:11.833 [JavaFX Application Thread] WARN  FXGLAssetLoaderServi - Failed to load RESIZABLE_IMAGE
11:01:12.633 [JavaFX Application Thread] WARN  FXGLAssetLoaderServi - Asset "/assets/textures/orange_particle.png" was not found!
11:01:12.633 [JavaFX Application Thread] WARN  FXGLAssetLoaderServi - Failed to load IMAGE
11:01:13.464 [JavaFX Application Thread] WARN  FXGLAssetLoaderServi - Asset "/assets/textures/green_particle.png" was not found!
11:01:13.465 [JavaFX Application Thread] WARN  FXGLAssetLoaderServi - Failed to load IMAGE
11:01:14.651 [JavaFX Application Thread] WARN  FXGLAssetLoaderServi - Asset "/assets/textures/orange_particle.png" was not found!
11:01:14.651 [JavaFX Application Thread] WARN  FXGLAssetLoaderServi - Failed to load IMAGE
11:01:16.666 [JavaFX Application Thread] WARN  FXGLAssetLoaderServi - Asset "/assets/textures/orange_particle.png" was not found!
11:01:16.667 [JavaFX Application Thread] WARN  FXGLAssetLoaderServi - Failed to load IMAGE
11:01:18.474 [JavaFX Application Thread] WARN  FXGLAssetLoaderServi - Asset "/assets/textures/green_particle.png" was not found!
11:01:18.475 [JavaFX Application Thread] WARN  FXGLAssetLoaderServi - Failed to load IMAGE
11:01:18.686 [JavaFX Application Thread] WARN  FXGLAssetLoaderServi - Asset "/assets/textures/orange_particle.png" was not found!
11:01:18.686 [JavaFX Application Thread] WARN  FXGLAssetLoaderServi - Failed to load IMAGE
11:01:20.698 [JavaFX Application Thread] WARN  FXGLAssetLoaderServi - Asset "/assets/textures/orange_particle.png" was not found!
11:01:20.698 [JavaFX Application Thread] WARN  FXGLAssetLoaderServi - Failed to load IMAGE
11:01:22.173 [JavaFX Application Thread] DEBUG PrimaryStageWindow   - Push state: DialogSubScene
11:01:22.173 [JavaFX Application Thread] DEBUG Input                - Clearing active input actions
11:01:22.173 [JavaFX Application Thread] DEBUG GameApplicationServi - Removing overlay from GameScene and adding to DialogSubScene
11:01:22.174 [JavaFX Application Thread] DEBUG PrimaryStageWindow   - GameScene -> DialogSubScene
11:01:23.697 [JavaFX Application Thread] DEBUG PrimaryStageWindow   - Pop state: DialogSubScene
11:01:23.697 [JavaFX Application Thread] DEBUG Input                - Clearing active input actions
11:01:23.697 [JavaFX Application Thread] DEBUG GameApplicationServi - Removing overlay from DialogSubScene and adding to GameScene
11:01:23.698 [JavaFX Application Thread] DEBUG PrimaryStageWindow   - GameScene <- DialogSubScene
11:01:24.170 [JavaFX Application Thread] WARN  FXGLAssetLoaderServi - Asset "/assets/textures/orange_particle.png" was not found!
11:01:24.170 [JavaFX Application Thread] WARN  FXGLAssetLoaderServi - Failed to load IMAGE
11:01:24.889 [JavaFX Application Thread] WARN  FXGLAssetLoaderServi - Asset "/assets/textures/green_particle.png" was not found!
11:01:24.889 [JavaFX Application Thread] WARN  FXGLAssetLoaderServi - Failed to load IMAGE
11:01:26.186 [JavaFX Application Thread] WARN  FXGLAssetLoaderServi - Asset "/assets/textures/orange_particle.png" was not found!
11:01:26.186 [JavaFX Application Thread] WARN  FXGLAssetLoaderServi - Failed to load IMAGE
11:01:28.233 [JavaFX Application Thread] WARN  FXGLAssetLoaderServi - Asset "/assets/textures/orange_particle.png" was not found!
11:01:28.233 [JavaFX Application Thread] WARN  FXGLAssetLoaderServi - Failed to load IMAGE
11:01:28.345 [JavaFX Application Thread] WARN  FXGLAssetLoaderServi - Asset "/assets/textures/particles/spark.png" was not found!
11:01:28.345 [JavaFX Application Thread] WARN  FXGLAssetLoaderServi - Failed to load RESIZABLE_IMAGE
11:01:30.014 [JavaFX Application Thread] WARN  FXGLAssetLoaderServi - Asset "/assets/textures/green_particle.png" was not found!
11:01:30.014 [JavaFX Application Thread] WARN  FXGLAssetLoaderServi - Failed to load IMAGE
11:01:30.249 [JavaFX Application Thread] WARN  FXGLAssetLoaderServi - Asset "/assets/textures/orange_particle.png" was not found!
11:01:30.249 [JavaFX Application Thread] WARN  FXGLAssetLoaderServi - Failed to load IMAGE
11:01:32.233 [JavaFX Application Thread] WARN  FXGLAssetLoaderServi - Asset "/assets/textures/orange_particle.png" was not found!
11:01:32.233 [JavaFX Application Thread] WARN  FXGLAssetLoaderServi - Failed to load IMAGE
11:01:34.265 [JavaFX Application Thread] WARN  FXGLAssetLoaderServi - Asset "/assets/textures/orange_particle.png" was not found!
11:01:34.265 [JavaFX Application Thread] WARN  FXGLAssetLoaderServi - Failed to load IMAGE
11:01:34.985 [JavaFX Application Thread] WARN  FXGLAssetLoaderServi - Asset "/assets/textures/green_particle.png" was not found!
11:01:34.985 [JavaFX Application Thread] WARN  FXGLAssetLoaderServi - Failed to load IMAGE
11:01:36.265 [JavaFX Application Thread] WARN  FXGLAssetLoaderServi - Asset "/assets/textures/orange_particle.png" was not found!
11:01:36.265 [JavaFX Application Thread] WARN  FXGLAssetLoaderServi - Failed to load IMAGE
11:01:38.281 [JavaFX Application Thread] WARN  FXGLAssetLoaderServi - Asset "/assets/textures/orange_particle.png" was not found!
11:01:38.282 [JavaFX Application Thread] WARN  FXGLAssetLoaderServi - Failed to load IMAGE
11:01:40.010 [JavaFX Application Thread] WARN  FXGLAssetLoaderServi - Asset "/assets/textures/green_particle.png" was not found!
11:01:40.011 [JavaFX Application Thread] WARN  FXGLAssetLoaderServi - Failed to load IMAGE
11:01:40.281 [JavaFX Application Thread] WARN  FXGLAssetLoaderServi - Asset "/assets/textures/orange_particle.png" was not found!
11:01:40.281 [JavaFX Application Thread] WARN  FXGLAssetLoaderServi - Failed to load IMAGE
11:01:42.281 [JavaFX Application Thread] WARN  FXGLAssetLoaderServi - Asset "/assets/textures/orange_particle.png" was not found!
11:01:42.282 [JavaFX Application Thread] WARN  FXGLAssetLoaderServi - Failed to load IMAGE
11:01:43.353 [JavaFX Application Thread] WARN  FXGLAssetLoaderServi - Asset "/assets/textures/particles/spark.png" was not found!
11:01:43.354 [JavaFX Application Thread] WARN  FXGLAssetLoaderServi - Failed to load RESIZABLE_IMAGE
11:01:44.313 [JavaFX Application Thread] WARN  FXGLAssetLoaderServi - Asset "/assets/textures/orange_particle.png" was not found!
11:01:44.314 [JavaFX Application Thread] WARN  FXGLAssetLoaderServi - Failed to load IMAGE
11:01:45.018 [JavaFX Application Thread] WARN  FXGLAssetLoaderServi - Asset "/assets/textures/green_particle.png" was not found!
11:01:45.018 [JavaFX Application Thread] WARN  FXGLAssetLoaderServi - Failed to load IMAGE
11:01:46.329 [JavaFX Application Thread] WARN  FXGLAssetLoaderServi - Asset "/assets/textures/orange_particle.png" was not found!
11:01:46.330 [JavaFX Application Thread] WARN  FXGLAssetLoaderServi - Failed to load IMAGE
11:01:48.345 [JavaFX Application Thread] WARN  FXGLAssetLoaderServi - Asset "/assets/textures/orange_particle.png" was not found!
11:01:48.346 [JavaFX Application Thread] WARN  FXGLAssetLoaderServi - Failed to load IMAGE
11:01:50.043 [JavaFX Application Thread] WARN  FXGLAssetLoaderServi - Asset "/assets/textures/green_particle.png" was not found!
11:01:50.043 [JavaFX Application Thread] WARN  FXGLAssetLoaderServi - Failed to load IMAGE
11:01:50.377 [JavaFX Application Thread] WARN  FXGLAssetLoaderServi - Asset "/assets/textures/orange_particle.png" was not found!
11:01:50.377 [JavaFX Application Thread] WARN  FXGLAssetLoaderServi - Failed to load IMAGE
11:01:52.434 [JavaFX Application Thread] WARN  FXGLAssetLoaderServi - Asset "/assets/textures/orange_particle.png" was not found!
11:01:52.435 [JavaFX Application Thread] WARN  FXGLAssetLoaderServi - Failed to load IMAGE
11:01:54.427 [JavaFX Application Thread] WARN  FXGLAssetLoaderServi - Asset "/assets/textures/orange_particle.png" was not found!
11:01:54.428 [JavaFX Application Thread] WARN  FXGLAssetLoaderServi - Failed to load IMAGE
11:01:55.049 [JavaFX Application Thread] WARN  FXGLAssetLoaderServi - Asset "/assets/textures/green_particle.png" was not found!
11:01:55.050 [JavaFX Application Thread] WARN  FXGLAssetLoaderServi - Failed to load IMAGE
11:01:56.410 [JavaFX Application Thread] WARN  FXGLAssetLoaderServi - Asset "/assets/textures/orange_particle.png" was not found!
11:01:56.411 [JavaFX Application Thread] WARN  FXGLAssetLoaderServi - Failed to load IMAGE
11:01:58.395 [JavaFX Application Thread] WARN  FXGLAssetLoaderServi - Asset "/assets/textures/particles/spark.png" was not found!
11:01:58.396 [JavaFX Application Thread] WARN  FXGLAssetLoaderServi - Failed to load RESIZABLE_IMAGE
11:01:58.427 [JavaFX Application Thread] WARN  FXGLAssetLoaderServi - Asset "/assets/textures/orange_particle.png" was not found!
11:01:58.428 [JavaFX Application Thread] WARN  FXGLAssetLoaderServi - Failed to load IMAGE
11:01:59.834 [JavaFX Application Thread] WARN  FXGLAssetLoaderServi - Asset "/assets/textures/particles/glassparticle.png" was not found!
11:01:59.834 [JavaFX Application Thread] WARN  FXGLAssetLoaderServi - Failed to load RESIZABLE_IMAGE
11:02:00.057 [JavaFX Application Thread] WARN  FXGLAssetLoaderServi - Asset "/assets/textures/green_particle.png" was not found!
11:02:00.057 [JavaFX Application Thread] WARN  FXGLAssetLoaderServi - Failed to load IMAGE
11:02:00.442 [JavaFX Application Thread] WARN  FXGLAssetLoaderServi - Asset "/assets/textures/orange_particle.png" was not found!
11:02:00.442 [JavaFX Application Thread] WARN  FXGLAssetLoaderServi - Failed to load IMAGE
11:02:02.457 [JavaFX Application Thread] WARN  FXGLAssetLoaderServi - Asset "/assets/textures/orange_particle.png" was not found!
11:02:02.457 [JavaFX Application Thread] WARN  FXGLAssetLoaderServi - Failed to load IMAGE
11:02:04.475 [JavaFX Application Thread] WARN  FXGLAssetLoaderServi - Asset "/assets/textures/orange_particle.png" was not found!
11:02:04.476 [JavaFX Application Thread] WARN  FXGLAssetLoaderServi - Failed to load IMAGE
11:02:05.065 [JavaFX Application Thread] WARN  FXGLAssetLoaderServi - Asset "/assets/textures/green_particle.png" was not found!
11:02:05.065 [JavaFX Application Thread] WARN  FXGLAssetLoaderServi - Failed to load IMAGE
11:02:06.492 [JavaFX Application Thread] WARN  FXGLAssetLoaderServi - Asset "/assets/textures/orange_particle.png" was not found!
11:02:06.492 [JavaFX Application Thread] WARN  FXGLAssetLoaderServi - Failed to load IMAGE
11:02:08.507 [JavaFX Application Thread] WARN  FXGLAssetLoaderServi - Asset "/assets/textures/orange_particle.png" was not found!
11:02:08.507 [JavaFX Application Thread] WARN  FXGLAssetLoaderServi - Failed to load IMAGE
11:02:10.090 [JavaFX Application Thread] WARN  FXGLAssetLoaderServi - Asset "/assets/textures/green_particle.png" was not found!
11:02:10.090 [JavaFX Application Thread] WARN  FXGLAssetLoaderServi - Failed to load IMAGE
11:02:10.521 [JavaFX Application Thread] WARN  FXGLAssetLoaderServi - Asset "/assets/textures/orange_particle.png" was not found!
11:02:10.521 [JavaFX Application Thread] WARN  FXGLAssetLoaderServi - Failed to load IMAGE
11:02:12.537 [JavaFX Application Thread] WARN  FXGLAssetLoaderServi - Asset "/assets/textures/orange_particle.png" was not found!
11:02:12.537 [JavaFX Application Thread] WARN  FXGLAssetLoaderServi - Failed to load IMAGE
11:02:13.385 [JavaFX Application Thread] WARN  FXGLAssetLoaderServi - Asset "/assets/textures/particles/spark.png" was not found!
11:02:13.386 [JavaFX Application Thread] WARN  FXGLAssetLoaderServi - Failed to load RESIZABLE_IMAGE
11:02:14.553 [JavaFX Application Thread] WARN  FXGLAssetLoaderServi - Asset "/assets/textures/orange_particle.png" was not found!
11:02:14.553 [JavaFX Application Thread] WARN  FXGLAssetLoaderServi - Failed to load IMAGE
11:02:15.100 [JavaFX Application Thread] WARN  FXGLAssetLoaderServi - Asset "/assets/textures/green_particle.png" was not found!
11:02:15.100 [JavaFX Application Thread] WARN  FXGLAssetLoaderServi - Failed to load IMAGE
11:02:16.569 [JavaFX Application Thread] WARN  FXGLAssetLoaderServi - Asset "/assets/textures/orange_particle.png" was not found!
11:02:16.569 [JavaFX Application Thread] WARN  FXGLAssetLoaderServi - Failed to load IMAGE
11:02:18.585 [JavaFX Application Thread] WARN  FXGLAssetLoaderServi - Asset "/assets/textures/orange_particle.png" was not found!
11:02:18.585 [JavaFX Application Thread] WARN  FXGLAssetLoaderServi - Failed to load IMAGE
11:02:20.121 [JavaFX Application Thread] WARN  FXGLAssetLoaderServi - Asset "/assets/textures/green_particle.png" was not found!
11:02:20.122 [JavaFX Application Thread] WARN  FXGLAssetLoaderServi - Failed to load IMAGE
11:02:20.601 [JavaFX Application Thread] WARN  FXGLAssetLoaderServi - Asset "/assets/textures/orange_particle.png" was not found!
11:02:20.601 [JavaFX Application Thread] WARN  FXGLAssetLoaderServi - Failed to load IMAGE
11:02:22.619 [JavaFX Application Thread] WARN  FXGLAssetLoaderServi - Asset "/assets/textures/orange_particle.png" was not found!
11:02:22.619 [JavaFX Application Thread] WARN  FXGLAssetLoaderServi - Failed to load IMAGE
11:02:24.634 [JavaFX Application Thread] WARN  FXGLAssetLoaderServi - Asset "/assets/textures/orange_particle.png" was not found!
11:02:24.634 [JavaFX Application Thread] WARN  FXGLAssetLoaderServi - Failed to load IMAGE
11:02:25.148 [JavaFX Application Thread] WARN  FXGLAssetLoaderServi - Asset "/assets/textures/green_particle.png" was not found!
11:02:25.148 [JavaFX Application Thread] WARN  FXGLAssetLoaderServi - Failed to load IMAGE
11:02:26.649 [JavaFX Application Thread] WARN  FXGLAssetLoaderServi - Asset "/assets/textures/orange_particle.png" was not found!
11:02:26.649 [JavaFX Application Thread] WARN  FXGLAssetLoaderServi - Failed to load IMAGE
11:02:28.393 [JavaFX Application Thread] WARN  FXGLAssetLoaderServi - Asset "/assets/textures/particles/spark.png" was not found!
11:02:28.393 [JavaFX Application Thread] WARN  FXGLAssetLoaderServi - Failed to load RESIZABLE_IMAGE
11:02:28.665 [JavaFX Application Thread] WARN  FXGLAssetLoaderServi - Asset "/assets/textures/orange_particle.png" was not found!
11:02:28.665 [JavaFX Application Thread] WARN  FXGLAssetLoaderServi - Failed to load IMAGE
11:02:30.153 [JavaFX Application Thread] WARN  FXGLAssetLoaderServi - Asset "/assets/textures/green_particle.png" was not found!
11:02:30.153 [JavaFX Application Thread] WARN  FXGLAssetLoaderServi - Failed to load IMAGE
11:02:30.697 [JavaFX Application Thread] WARN  FXGLAssetLoaderServi - Asset "/assets/textures/orange_particle.png" was not found!
11:02:30.697 [JavaFX Application Thread] WARN  FXGLAssetLoaderServi - Failed to load IMAGE
11:02:32.713 [JavaFX Application Thread] WARN  FXGLAssetLoaderServi - Asset "/assets/textures/orange_particle.png" was not found!
11:02:32.714 [JavaFX Application Thread] WARN  FXGLAssetLoaderServi - Failed to load IMAGE
11:02:34.585 [JavaFX Application Thread] WARN  FXGLAssetLoaderServi - Asset "/assets/textures/particles/glassparticle.png" was not found!
11:02:34.585 [JavaFX Application Thread] WARN  FXGLAssetLoaderServi - Failed to load RESIZABLE_IMAGE
11:02:34.729 [JavaFX Application Thread] WARN  FXGLAssetLoaderServi - Asset "/assets/textures/orange_particle.png" was not found!
11:02:34.729 [JavaFX Application Thread] WARN  FXGLAssetLoaderServi - Failed to load IMAGE
11:02:35.181 [JavaFX Application Thread] WARN  FXGLAssetLoaderServi - Asset "/assets/textures/green_particle.png" was not found!
11:02:35.182 [JavaFX Application Thread] WARN  FXGLAssetLoaderServi - Failed to load IMAGE
11:02:36.745 [JavaFX Application Thread] WARN  FXGLAssetLoaderServi - Asset "/assets/textures/orange_particle.png" was not found!
11:02:36.745 [JavaFX Application Thread] WARN  FXGLAssetLoaderServi - Failed to load IMAGE
11:02:38.761 [JavaFX Application Thread] WARN  FXGLAssetLoaderServi - Asset "/assets/textures/orange_particle.png" was not found!
11:02:38.761 [JavaFX Application Thread] WARN  FXGLAssetLoaderServi - Failed to load IMAGE
11:02:40.216 [JavaFX Application Thread] WARN  FXGLAssetLoaderServi - Asset "/assets/textures/green_particle.png" was not found!
11:02:40.216 [JavaFX Application Thread] WARN  FXGLAssetLoaderServi - Failed to load IMAGE
11:02:40.778 [JavaFX Application Thread] WARN  FXGLAssetLoaderServi - Asset "/assets/textures/orange_particle.png" was not found!
11:02:40.778 [JavaFX Application Thread] WARN  FXGLAssetLoaderServi - Failed to load IMAGE
11:02:42.819 [JavaFX Application Thread] WARN  FXGLAssetLoaderServi - Asset "/assets/textures/orange_particle.png" was not found!
11:02:42.819 [JavaFX Application Thread] WARN  FXGLAssetLoaderServi - Failed to load IMAGE
11:02:43.417 [JavaFX Application Thread] WARN  FXGLAssetLoaderServi - Asset "/assets/textures/particles/spark.png" was not found!
11:02:43.417 [JavaFX Application Thread] WARN  FXGLAssetLoaderServi - Failed to load RESIZABLE_IMAGE
11:02:44.830 [JavaFX Application Thread] WARN  FXGLAssetLoaderServi - Asset "/assets/textures/orange_particle.png" was not found!
11:02:44.830 [JavaFX Application Thread] WARN  FXGLAssetLoaderServi - Failed to load IMAGE
11:02:45.209 [JavaFX Application Thread] WARN  FXGLAssetLoaderServi - Asset "/assets/textures/green_particle.png" was not found!
11:02:45.209 [JavaFX Application Thread] WARN  FXGLAssetLoaderServi - Failed to load IMAGE
11:02:46.825 [JavaFX Application Thread] WARN  FXGLAssetLoaderServi - Asset "/assets/textures/orange_particle.png" was not found!
11:02:46.826 [JavaFX Application Thread] WARN  FXGLAssetLoaderServi - Failed to load IMAGE
11:02:47.901 [JavaFX Application Thread] DEBUG PrimaryStageWindow   - Push state: DialogSubScene
11:02:47.901 [JavaFX Application Thread] DEBUG Input                - Clearing active input actions
11:02:47.902 [JavaFX Application Thread] DEBUG GameApplicationServi - Removing overlay from GameScene and adding to DialogSubScene
11:02:47.903 [JavaFX Application Thread] DEBUG PrimaryStageWindow   - GameScene -> DialogSubScene
11:02:49.069 [JavaFX Application Thread] DEBUG PrimaryStageWindow   - Pop state: DialogSubScene
11:02:49.069 [JavaFX Application Thread] DEBUG Input                - Clearing active input actions
11:02:49.069 [JavaFX Application Thread] DEBUG GameApplicationServi - Removing overlay from DialogSubScene and adding to GameScene
11:02:49.069 [JavaFX Application Thread] DEBUG PrimaryStageWindow   - GameScene <- DialogSubScene
11:02:50.001 [JavaFX Application Thread] WARN  FXGLAssetLoaderServi - Asset "/assets/textures/orange_particle.png" was not found!
11:02:50.001 [JavaFX Application Thread] WARN  FXGLAssetLoaderServi - Failed to load IMAGE
11:02:51.385 [JavaFX Application Thread] WARN  FXGLAssetLoaderServi - Asset "/assets/textures/green_particle.png" was not found!
11:02:51.385 [JavaFX Application Thread] WARN  FXGLAssetLoaderServi - Failed to load IMAGE
11:02:52.010 [JavaFX Application Thread] WARN  FXGLAssetLoaderServi - Asset "/assets/textures/orange_particle.png" was not found!
11:02:52.010 [JavaFX Application Thread] WARN  FXGLAssetLoaderServi - Failed to load IMAGE
11:02:52.524 [JavaFX Application Thread] WARN  FXGLAssetLoaderServi - Asset "/assets/textures/particles/glassparticle.png" was not found!
11:02:52.524 [JavaFX Application Thread] WARN  FXGLAssetLoaderServi - Failed to load RESIZABLE_IMAGE
11:02:54.025 [JavaFX Application Thread] WARN  FXGLAssetLoaderServi - Asset "/assets/textures/orange_particle.png" was not found!
11:02:54.025 [JavaFX Application Thread] WARN  FXGLAssetLoaderServi - Failed to load IMAGE
11:02:56.061 [JavaFX Application Thread] WARN  FXGLAssetLoaderServi - Asset "/assets/textures/orange_particle.png" was not found!
11:02:56.061 [JavaFX Application Thread] WARN  FXGLAssetLoaderServi - Failed to load IMAGE
11:02:56.410 [JavaFX Application Thread] WARN  FXGLAssetLoaderServi - Asset "/assets/textures/green_particle.png" was not found!
11:02:56.410 [JavaFX Application Thread] WARN  FXGLAssetLoaderServi - Failed to load IMAGE
11:02:58.190 [JavaFX Application Thread] WARN  FXGLAssetLoaderServi - Asset "/assets/textures/orange_particle.png" was not found!
11:02:58.192 [JavaFX Application Thread] WARN  FXGLAssetLoaderServi - Failed to load IMAGE
11:02:59.641 [JavaFX Application Thread] WARN  FXGLAssetLoaderServi - Asset "/assets/textures/particles/spark.png" was not found!
11:02:59.641 [JavaFX Application Thread] WARN  FXGLAssetLoaderServi - Failed to load RESIZABLE_IMAGE
11:02:59.769 [JavaFX Application Thread] WARN  FXGLAssetLoaderServi - Asset "/assets/textures/particles/glassparticle.png" was not found!
11:02:59.770 [JavaFX Application Thread] WARN  FXGLAssetLoaderServi - Failed to load RESIZABLE_IMAGE
11:03:00.153 [JavaFX Application Thread] WARN  FXGLAssetLoaderServi - Asset "/assets/textures/orange_particle.png" was not found!
11:03:00.154 [JavaFX Application Thread] WARN  FXGLAssetLoaderServi - Failed to load IMAGE
11:03:01.449 [JavaFX Application Thread] WARN  FXGLAssetLoaderServi - Asset "/assets/textures/green_particle.png" was not found!
11:03:01.450 [JavaFX Application Thread] WARN  FXGLAssetLoaderServi - Failed to load IMAGE
11:03:02.153 [JavaFX Application Thread] WARN  FXGLAssetLoaderServi - Asset "/assets/textures/orange_particle.png" was not found!
11:03:02.153 [JavaFX Application Thread] WARN  FXGLAssetLoaderServi - Failed to load IMAGE
11:03:04.153 [JavaFX Application Thread] WARN  FXGLAssetLoaderServi - Asset "/assets/textures/orange_particle.png" was not found!
11:03:04.153 [JavaFX Application Thread] WARN  FXGLAssetLoaderServi - Failed to load IMAGE
11:03:06.169 [JavaFX Application Thread] WARN  FXGLAssetLoaderServi - Asset "/assets/textures/orange_particle.png" was not found!
11:03:06.169 [JavaFX Application Thread] WARN  FXGLAssetLoaderServi - Failed to load IMAGE
11:03:06.530 [JavaFX Application Thread] WARN  FXGLAssetLoaderServi - Asset "/assets/textures/green_particle.png" was not found!
11:03:06.530 [JavaFX Application Thread] WARN  FXGLAssetLoaderServi - Failed to load IMAGE
11:03:08.361 [JavaFX Application Thread] WARN  FXGLAssetLoaderServi - Asset "/assets/textures/orange_particle.png" was not found!
11:03:08.361 [JavaFX Application Thread] WARN  FXGLAssetLoaderServi - Failed to load IMAGE
11:03:10.140 [JavaFX Application Thread] WARN  FXGLAssetLoaderServi - Asset "/assets/textures/orange_particle.png" was not found!
11:03:10.140 [JavaFX Application Thread] WARN  FXGLAssetLoaderServi - Failed to load IMAGE
11:03:11.402 [JavaFX Application Thread] WARN  FXGLAssetLoaderServi - Asset "/assets/textures/green_particle.png" was not found!
11:03:11.402 [JavaFX Application Thread] WARN  FXGLAssetLoaderServi - Failed to load IMAGE
11:03:12.154 [JavaFX Application Thread] WARN  FXGLAssetLoaderServi - Asset "/assets/textures/orange_particle.png" was not found!
11:03:12.154 [JavaFX Application Thread] WARN  FXGLAssetLoaderServi - Failed to load IMAGE
11:03:14.169 [JavaFX Application Thread] WARN  FXGLAssetLoaderServi - Asset "/assets/textures/orange_particle.png" was not found!
11:03:14.169 [JavaFX Application Thread] WARN  FXGLAssetLoaderServi - Failed to load IMAGE
11:03:14.569 [JavaFX Application Thread] WARN  FXGLAssetLoaderServi - Asset "/assets/textures/particles/spark.png" was not found!
11:03:14.571 [JavaFX Application Thread] WARN  FXGLAssetLoaderServi - Failed to load RESIZABLE_IMAGE
11:03:16.152 [JavaFX Application Thread] WARN  FXGLAssetLoaderServi - Asset "/assets/textures/orange_particle.png" was not found!
11:03:16.152 [JavaFX Application Thread] WARN  FXGLAssetLoaderServi - Failed to load IMAGE
11:03:16.376 [JavaFX Application Thread] WARN  FXGLAssetLoaderServi - Asset "/assets/textures/green_particle.png" was not found!
11:03:16.376 [JavaFX Application Thread] WARN  FXGLAssetLoaderServi - Failed to load IMAGE
11:03:18.170 [JavaFX Application Thread] WARN  FXGLAssetLoaderServi - Asset "/assets/textures/orange_particle.png" was not found!
11:03:18.170 [JavaFX Application Thread] WARN  FXGLAssetLoaderServi - Failed to load IMAGE
11:03:19.132 [JavaFX Application Thread] WARN  FXGLAssetLoaderServi - Asset "/assets/textures/particles/glassparticle.png" was not found!
11:03:19.132 [JavaFX Application Thread] WARN  FXGLAssetLoaderServi - Failed to load RESIZABLE_IMAGE
11:03:20.185 [JavaFX Application Thread] WARN  FXGLAssetLoaderServi - Asset "/assets/textures/orange_particle.png" was not found!
11:03:20.185 [JavaFX Application Thread] WARN  FXGLAssetLoaderServi - Failed to load IMAGE
11:03:21.401 [JavaFX Application Thread] WARN  FXGLAssetLoaderServi - Asset "/assets/textures/green_particle.png" was not found!
11:03:21.401 [JavaFX Application Thread] WARN  FXGLAssetLoaderServi - Failed to load IMAGE
11:03:22.201 [JavaFX Application Thread] WARN  FXGLAssetLoaderServi - Asset "/assets/textures/orange_particle.png" was not found!
11:03:22.202 [JavaFX Application Thread] WARN  FXGLAssetLoaderServi - Failed to load IMAGE
11:03:24.233 [JavaFX Application Thread] WARN  FXGLAssetLoaderServi - Asset "/assets/textures/orange_particle.png" was not found!
11:03:24.234 [JavaFX Application Thread] WARN  FXGLAssetLoaderServi - Failed to load IMAGE
11:03:26.250 [JavaFX Application Thread] WARN  FXGLAssetLoaderServi - Asset "/assets/textures/orange_particle.png" was not found!
11:03:26.250 [JavaFX Application Thread] WARN  FXGLAssetLoaderServi - Failed to load IMAGE
11:03:26.425 [JavaFX Application Thread] WARN  FXGLAssetLoaderServi - Asset "/assets/textures/green_particle.png" was not found!
11:03:26.426 [JavaFX Application Thread] WARN  FXGLAssetLoaderServi - Failed to load IMAGE
11:03:28.250 [JavaFX Application Thread] WARN  FXGLAssetLoaderServi - Asset "/assets/textures/orange_particle.png" was not found!
11:03:28.250 [JavaFX Application Thread] WARN  FXGLAssetLoaderServi - Failed to load IMAGE
11:03:29.547 [JavaFX Application Thread] WARN  FXGLAssetLoaderServi - Asset "/assets/textures/particles/spark.png" was not found!
11:03:29.549 [JavaFX Application Thread] WARN  FXGLAssetLoaderServi - Failed to load RESIZABLE_IMAGE
11:03:30.233 [JavaFX Application Thread] WARN  FXGLAssetLoaderServi - Asset "/assets/textures/orange_particle.png" was not found!
11:03:30.233 [JavaFX Application Thread] WARN  FXGLAssetLoaderServi - Failed to load IMAGE
11:03:31.417 [JavaFX Application Thread] WARN  FXGLAssetLoaderServi - Asset "/assets/textures/green_particle.png" was not found!
11:03:31.417 [JavaFX Application Thread] WARN  FXGLAssetLoaderServi - Failed to load IMAGE
11:03:32.265 [JavaFX Application Thread] WARN  FXGLAssetLoaderServi - Asset "/assets/textures/orange_particle.png" was not found!
11:03:32.265 [JavaFX Application Thread] WARN  FXGLAssetLoaderServi - Failed to load IMAGE
11:03:34.280 [JavaFX Application Thread] WARN  FXGLAssetLoaderServi - Asset "/assets/textures/orange_particle.png" was not found!
11:03:34.280 [JavaFX Application Thread] WARN  FXGLAssetLoaderServi - Failed to load IMAGE
11:03:36.297 [JavaFX Application Thread] WARN  FXGLAssetLoaderServi - Asset "/assets/textures/orange_particle.png" was not found!
11:03:36.297 [JavaFX Application Thread] WARN  FXGLAssetLoaderServi - Failed to load IMAGE
11:03:36.426 [JavaFX Application Thread] WARN  FXGLAssetLoaderServi - Asset "/assets/textures/green_particle.png" was not found!
11:03:36.426 [JavaFX Application Thread] WARN  FXGLAssetLoaderServi - Failed to load IMAGE
11:03:38.313 [JavaFX Application Thread] WARN  FXGLAssetLoaderServi - Asset "/assets/textures/orange_particle.png" was not found!
11:03:38.313 [JavaFX Application Thread] WARN  FXGLAssetLoaderServi - Failed to load IMAGE
11:03:40.330 [JavaFX Application Thread] WARN  FXGLAssetLoaderServi - Asset "/assets/textures/orange_particle.png" was not found!
11:03:40.331 [JavaFX Application Thread] WARN  FXGLAssetLoaderServi - Failed to load IMAGE
11:03:41.433 [JavaFX Application Thread] WARN  FXGLAssetLoaderServi - Asset "/assets/textures/green_particle.png" was not found!
11:03:41.433 [JavaFX Application Thread] WARN  FXGLAssetLoaderServi - Failed to load IMAGE
11:03:41.865 [JavaFX Application Thread] WARN  FXGLAssetLoaderServi - Asset "/assets/textures/particles/glassparticle.png" was not found!
11:03:41.866 [JavaFX Application Thread] WARN  FXGLAssetLoaderServi - Failed to load RESIZABLE_IMAGE
11:03:42.328 [JavaFX Application Thread] WARN  FXGLAssetLoaderServi - Asset "/assets/textures/orange_particle.png" was not found!
11:03:42.328 [JavaFX Application Thread] WARN  FXGLAssetLoaderServi - Failed to load IMAGE
11:03:44.345 [JavaFX Application Thread] WARN  FXGLAssetLoaderServi - Asset "/assets/textures/orange_particle.png" was not found!
11:03:44.345 [JavaFX Application Thread] WARN  FXGLAssetLoaderServi - Failed to load IMAGE
11:03:44.569 [JavaFX Application Thread] WARN  FXGLAssetLoaderServi - Asset "/assets/textures/particles/spark.png" was not found!
11:03:44.569 [JavaFX Application Thread] WARN  FXGLAssetLoaderServi - Failed to load RESIZABLE_IMAGE
11:03:46.361 [JavaFX Application Thread] WARN  FXGLAssetLoaderServi - Asset "/assets/textures/orange_particle.png" was not found!
11:03:46.361 [JavaFX Application Thread] WARN  FXGLAssetLoaderServi - Failed to load IMAGE
11:03:46.441 [JavaFX Application Thread] WARN  FXGLAssetLoaderServi - Asset "/assets/textures/green_particle.png" was not found!
11:03:46.442 [JavaFX Application Thread] WARN  FXGLAssetLoaderServi - Failed to load IMAGE
11:03:46.952 [JavaFX Application Thread] WARN  FXGLAssetLoaderServi - Asset "/assets/textures/particles/glassparticle.png" was not found!
11:03:46.954 [JavaFX Application Thread] WARN  FXGLAssetLoaderServi - Failed to load RESIZABLE_IMAGE
11:03:48.393 [JavaFX Application Thread] WARN  FXGLAssetLoaderServi - Asset "/assets/textures/orange_particle.png" was not found!
11:03:48.393 [JavaFX Application Thread] WARN  FXGLAssetLoaderServi - Failed to load IMAGE
11:03:50.409 [JavaFX Application Thread] WARN  FXGLAssetLoaderServi - Asset "/assets/textures/orange_particle.png" was not found!
11:03:50.409 [JavaFX Application Thread] WARN  FXGLAssetLoaderServi - Failed to load IMAGE
11:03:51.480 [JavaFX Application Thread] WARN  FXGLAssetLoaderServi - Asset "/assets/textures/green_particle.png" was not found!
11:03:51.480 [JavaFX Application Thread] WARN  FXGLAssetLoaderServi - Failed to load IMAGE
11:03:52.424 [JavaFX Application Thread] WARN  FXGLAssetLoaderServi - Asset "/assets/textures/orange_particle.png" was not found!
11:03:52.424 [JavaFX Application Thread] WARN  FXGLAssetLoaderServi - Failed to load IMAGE
11:03:54.444 [JavaFX Application Thread] WARN  FXGLAssetLoaderServi - Asset "/assets/textures/orange_particle.png" was not found!
11:03:54.444 [JavaFX Application Thread] WARN  FXGLAssetLoaderServi - Failed to load IMAGE
11:03:56.457 [JavaFX Application Thread] WARN  FXGLAssetLoaderServi - Asset "/assets/textures/orange_particle.png" was not found!
11:03:56.457 [JavaFX Application Thread] WARN  FXGLAssetLoaderServi - Failed to load IMAGE
11:03:56.490 [JavaFX Application Thread] WARN  FXGLAssetLoaderServi - Asset "/assets/textures/green_particle.png" was not found!
11:03:56.490 [JavaFX Application Thread] WARN  FXGLAssetLoaderServi - Failed to load IMAGE
11:03:58.442 [JavaFX Application Thread] WARN  FXGLAssetLoaderServi - Asset "/assets/textures/orange_particle.png" was not found!
11:03:58.442 [JavaFX Application Thread] WARN  FXGLAssetLoaderServi - Failed to load IMAGE
11:03:59.561 [JavaFX Application Thread] WARN  FXGLAssetLoaderServi - Asset "/assets/textures/particles/spark.png" was not found!
11:03:59.561 [JavaFX Application Thread] WARN  FXGLAssetLoaderServi - Failed to load RESIZABLE_IMAGE
11:04:00.457 [JavaFX Application Thread] WARN  FXGLAssetLoaderServi - Asset "/assets/textures/orange_particle.png" was not found!
11:04:00.457 [JavaFX Application Thread] WARN  FXGLAssetLoaderServi - Failed to load IMAGE
11:04:01.497 [JavaFX Application Thread] WARN  FXGLAssetLoaderServi - Asset "/assets/textures/green_particle.png" was not found!
11:04:01.497 [JavaFX Application Thread] WARN  FXGLAssetLoaderServi - Failed to load IMAGE
11:04:02.490 [JavaFX Application Thread] WARN  FXGLAssetLoaderServi - Asset "/assets/textures/orange_particle.png" was not found!
11:04:02.490 [JavaFX Application Thread] WARN  FXGLAssetLoaderServi - Failed to load IMAGE
11:04:04.490 [JavaFX Application Thread] WARN  FXGLAssetLoaderServi - Asset "/assets/textures/orange_particle.png" was not found!
11:04:04.491 [JavaFX Application Thread] WARN  FXGLAssetLoaderServi - Failed to load IMAGE
11:04:04.617 [JavaFX Application Thread] WARN  FXGLAssetLoaderServi - Asset "/assets/textures/particles/glassparticle.png" was not found!
11:04:04.617 [JavaFX Application Thread] WARN  FXGLAssetLoaderServi - Failed to load RESIZABLE_IMAGE
11:04:06.441 [JavaFX Application Thread] WARN  FXGLAssetLoaderServi - Asset "/assets/textures/green_particle.png" was not found!
11:04:06.441 [JavaFX Application Thread] WARN  FXGLAssetLoaderServi - Failed to load IMAGE
11:04:06.456 [JavaFX Application Thread] WARN  FXGLAssetLoaderServi - Asset "/assets/textures/orange_particle.png" was not found!
11:04:06.456 [JavaFX Application Thread] WARN  FXGLAssetLoaderServi - Failed to load IMAGE
11:04:08.473 [JavaFX Application Thread] WARN  FXGLAssetLoaderServi - Asset "/assets/textures/orange_particle.png" was not found!
11:04:08.473 [JavaFX Application Thread] WARN  FXGLAssetLoaderServi - Failed to load IMAGE
11:04:10.488 [JavaFX Application Thread] WARN  FXGLAssetLoaderServi - Asset "/assets/textures/orange_particle.png" was not found!
11:04:10.488 [JavaFX Application Thread] WARN  FXGLAssetLoaderServi - Failed to load IMAGE
11:04:11.468 [JavaFX Application Thread] WARN  FXGLAssetLoaderServi - Asset "/assets/textures/green_particle.png" was not found!
11:04:11.468 [JavaFX Application Thread] WARN  FXGLAssetLoaderServi - Failed to load IMAGE
11:04:12.509 [JavaFX Application Thread] WARN  FXGLAssetLoaderServi - Asset "/assets/textures/orange_particle.png" was not found!
11:04:12.510 [JavaFX Application Thread] WARN  FXGLAssetLoaderServi - Failed to load IMAGE
11:04:14.537 [JavaFX Application Thread] WARN  FXGLAssetLoaderServi - Asset "/assets/textures/particles/spark.png" was not found!
11:04:14.538 [JavaFX Application Thread] WARN  FXGLAssetLoaderServi - Failed to load RESIZABLE_IMAGE
11:04:14.539 [JavaFX Application Thread] WARN  FXGLAssetLoaderServi - Asset "/assets/textures/orange_particle.png" was not found!
11:04:14.539 [JavaFX Application Thread] WARN  FXGLAssetLoaderServi - Failed to load IMAGE
11:04:14.554 [JavaFX Application Thread] WARN  FXGLAssetLoaderServi - Asset "/assets/textures/particles/glassparticle.png" was not found!
11:04:14.554 [JavaFX Application Thread] WARN  FXGLAssetLoaderServi - Failed to load RESIZABLE_IMAGE
11:04:16.474 [JavaFX Application Thread] WARN  FXGLAssetLoaderServi - Asset "/assets/textures/green_particle.png" was not found!
11:04:16.474 [JavaFX Application Thread] WARN  FXGLAssetLoaderServi - Failed to load IMAGE
11:04:16.539 [JavaFX Application Thread] WARN  FXGLAssetLoaderServi - Asset "/assets/textures/orange_particle.png" was not found!
11:04:16.539 [JavaFX Application Thread] WARN  FXGLAssetLoaderServi - Failed to load IMAGE
11:04:18.520 [JavaFX Application Thread] WARN  FXGLAssetLoaderServi - Asset "/assets/textures/orange_particle.png" was not found!
11:04:18.520 [JavaFX Application Thread] WARN  FXGLAssetLoaderServi - Failed to load IMAGE
11:04:20.538 [JavaFX Application Thread] WARN  FXGLAssetLoaderServi - Asset "/assets/textures/orange_particle.png" was not found!
11:04:20.538 [JavaFX Application Thread] WARN  FXGLAssetLoaderServi - Failed to load IMAGE
11:04:21.464 [JavaFX Application Thread] WARN  FXGLAssetLoaderServi - Asset "/assets/textures/green_particle.png" was not found!
11:04:21.464 [JavaFX Application Thread] WARN  FXGLAssetLoaderServi - Failed to load IMAGE
11:04:22.554 [JavaFX Application Thread] WARN  FXGLAssetLoaderServi - Asset "/assets/textures/orange_particle.png" was not found!
11:04:22.554 [JavaFX Application Thread] WARN  FXGLAssetLoaderServi - Failed to load IMAGE
11:04:24.553 [JavaFX Application Thread] WARN  FXGLAssetLoaderServi - Asset "/assets/textures/orange_particle.png" was not found!
11:04:24.555 [JavaFX Application Thread] WARN  FXGLAssetLoaderServi - Failed to load IMAGE
11:04:26.474 [JavaFX Application Thread] WARN  FXGLAssetLoaderServi - Asset "/assets/textures/green_particle.png" was not found!
11:04:26.474 [JavaFX Application Thread] WARN  FXGLAssetLoaderServi - Failed to load IMAGE
11:04:26.586 [JavaFX Application Thread] WARN  FXGLAssetLoaderServi - Asset "/assets/textures/orange_particle.png" was not found!
11:04:26.587 [JavaFX Application Thread] WARN  FXGLAssetLoaderServi - Failed to load IMAGE
11:04:28.602 [JavaFX Application Thread] WARN  FXGLAssetLoaderServi - Asset "/assets/textures/orange_particle.png" was not found!
11:04:28.602 [JavaFX Application Thread] WARN  FXGLAssetLoaderServi - Failed to load IMAGE
11:04:29.529 [JavaFX Application Thread] WARN  FXGLAssetLoaderServi - Asset "/assets/textures/particles/spark.png" was not found!
11:04:29.529 [JavaFX Application Thread] WARN  FXGLAssetLoaderServi - Failed to load RESIZABLE_IMAGE
11:04:30.635 [JavaFX Application Thread] WARN  FXGLAssetLoaderServi - Asset "/assets/textures/orange_particle.png" was not found!
11:04:30.635 [JavaFX Application Thread] WARN  FXGLAssetLoaderServi - Failed to load IMAGE
11:04:31.498 [JavaFX Application Thread] WARN  FXGLAssetLoaderServi - Asset "/assets/textures/green_particle.png" was not found!
11:04:31.498 [JavaFX Application Thread] WARN  FXGLAssetLoaderServi - Failed to load IMAGE
11:04:32.651 [JavaFX Application Thread] WARN  FXGLAssetLoaderServi - Asset "/assets/textures/orange_particle.png" was not found!
11:04:32.651 [JavaFX Application Thread] WARN  FXGLAssetLoaderServi - Failed to load IMAGE
11:04:34.665 [JavaFX Application Thread] WARN  FXGLAssetLoaderServi - Asset "/assets/textures/orange_particle.png" was not found!
11:04:34.666 [JavaFX Application Thread] WARN  FXGLAssetLoaderServi - Failed to load IMAGE
11:04:34.813 [JavaFX Application Thread] DEBUG PrimaryStageWindow   - Push state: DialogSubScene
11:04:34.813 [JavaFX Application Thread] DEBUG Input                - Clearing active input actions
11:04:34.814 [JavaFX Application Thread] DEBUG GameApplicationServi - Removing overlay from GameScene and adding to DialogSubScene
11:04:34.814 [JavaFX Application Thread] DEBUG PrimaryStageWindow   - GameScene -> DialogSubScene
11:04:36.368 [JavaFX Application Thread] DEBUG PrimaryStageWindow   - Pop state: DialogSubScene
11:04:36.368 [JavaFX Application Thread] DEBUG Input                - Clearing active input actions
11:04:36.369 [JavaFX Application Thread] DEBUG GameApplicationServi - Removing overlay from DialogSubScene and adding to GameScene
11:04:36.369 [JavaFX Application Thread] DEBUG PrimaryStageWindow   - GameScene <- DialogSubScene
11:04:37.867 [JavaFX Application Thread] WARN  FXGLAssetLoaderServi - Asset "/assets/textures/green_particle.png" was not found!
11:04:37.867 [JavaFX Application Thread] WARN  FXGLAssetLoaderServi - Failed to load IMAGE
11:04:38.009 [JavaFX Application Thread] WARN  FXGLAssetLoaderServi - Asset "/assets/textures/orange_particle.png" was not found!
11:04:38.009 [JavaFX Application Thread] WARN  FXGLAssetLoaderServi - Failed to load IMAGE
11:04:38.171 [JavaFX Application Thread] WARN  FXGLAssetLoaderServi - Asset "/assets/textures/particles/glassparticle.png" was not found!
11:04:38.171 [JavaFX Application Thread] WARN  FXGLAssetLoaderServi - Failed to load RESIZABLE_IMAGE
11:04:40.089 [JavaFX Application Thread] WARN  FXGLAssetLoaderServi - Asset "/assets/textures/orange_particle.png" was not found!
11:04:40.089 [JavaFX Application Thread] WARN  FXGLAssetLoaderServi - Failed to load IMAGE
11:04:42.089 [JavaFX Application Thread] WARN  FXGLAssetLoaderServi - Asset "/assets/textures/orange_particle.png" was not found!
11:04:42.089 [JavaFX Application Thread] WARN  FXGLAssetLoaderServi - Failed to load IMAGE
11:04:42.905 [JavaFX Application Thread] WARN  FXGLAssetLoaderServi - Asset "/assets/textures/green_particle.png" was not found!
11:04:42.906 [JavaFX Application Thread] WARN  FXGLAssetLoaderServi - Failed to load IMAGE
11:04:44.090 [JavaFX Application Thread] WARN  FXGLAssetLoaderServi - Asset "/assets/textures/orange_particle.png" was not found!
11:04:44.090 [JavaFX Application Thread] WARN  FXGLAssetLoaderServi - Failed to load IMAGE
11:04:45.945 [JavaFX Application Thread] WARN  FXGLAssetLoaderServi - Asset "/assets/textures/particles/spark.png" was not found!
11:04:45.945 [JavaFX Application Thread] WARN  FXGLAssetLoaderServi - Failed to load RESIZABLE_IMAGE
11:04:46.105 [JavaFX Application Thread] WARN  FXGLAssetLoaderServi - Asset "/assets/textures/orange_particle.png" was not found!
11:04:46.105 [JavaFX Application Thread] WARN  FXGLAssetLoaderServi - Failed to load IMAGE
11:04:47.960 [JavaFX Application Thread] WARN  FXGLAssetLoaderServi - Asset "/assets/textures/green_particle.png" was not found!
11:04:47.960 [JavaFX Application Thread] WARN  FXGLAssetLoaderServi - Failed to load IMAGE
11:04:48.137 [JavaFX Application Thread] WARN  FXGLAssetLoaderServi - Asset "/assets/textures/orange_particle.png" was not found!
11:04:48.138 [JavaFX Application Thread] WARN  FXGLAssetLoaderServi - Failed to load IMAGE
11:04:50.154 [JavaFX Application Thread] WARN  FXGLAssetLoaderServi - Asset "/assets/textures/orange_particle.png" was not found!
11:04:50.154 [JavaFX Application Thread] WARN  FXGLAssetLoaderServi - Failed to load IMAGE
11:04:52.183 [JavaFX Application Thread] WARN  FXGLAssetLoaderServi - Asset "/assets/textures/orange_particle.png" was not found!
11:04:52.183 [JavaFX Application Thread] WARN  FXGLAssetLoaderServi - Failed to load IMAGE
11:04:52.425 [JavaFX Application Thread] WARN  FXGLAssetLoaderServi - Asset "/assets/textures/particles/glassparticle.png" was not found!
11:04:52.425 [JavaFX Application Thread] WARN  FXGLAssetLoaderServi - Failed to load RESIZABLE_IMAGE
11:04:52.954 [JavaFX Application Thread] WARN  FXGLAssetLoaderServi - Asset "/assets/textures/green_particle.png" was not found!
11:04:52.954 [JavaFX Application Thread] WARN  FXGLAssetLoaderServi - Failed to load IMAGE
11:04:54.186 [JavaFX Application Thread] WARN  FXGLAssetLoaderServi - Asset "/assets/textures/orange_particle.png" was not found!
11:04:54.187 [JavaFX Application Thread] WARN  FXGLAssetLoaderServi - Failed to load IMAGE
11:04:56.249 [JavaFX Application Thread] WARN  FXGLAssetLoaderServi - Asset "/assets/textures/orange_particle.png" was not found!
11:04:56.250 [JavaFX Application Thread] WARN  FXGLAssetLoaderServi - Failed to load IMAGE
11:04:58.009 [JavaFX Application Thread] WARN  FXGLAssetLoaderServi - Asset "/assets/textures/green_particle.png" was not found!
11:04:58.009 [JavaFX Application Thread] WARN  FXGLAssetLoaderServi - Failed to load IMAGE
11:04:58.266 [JavaFX Application Thread] WARN  FXGLAssetLoaderServi - Asset "/assets/textures/orange_particle.png" was not found!
11:04:58.266 [JavaFX Application Thread] WARN  FXGLAssetLoaderServi - Failed to load IMAGE
11:05:00.282 [JavaFX Application Thread] WARN  FXGLAssetLoaderServi - Asset "/assets/textures/orange_particle.png" was not found!
11:05:00.282 [JavaFX Application Thread] WARN  FXGLAssetLoaderServi - Failed to load IMAGE
11:05:01.001 [JavaFX Application Thread] WARN  FXGLAssetLoaderServi - Asset "/assets/textures/particles/spark.png" was not found!
11:05:01.001 [JavaFX Application Thread] WARN  FXGLAssetLoaderServi - Failed to load RESIZABLE_IMAGE
11:05:02.297 [JavaFX Application Thread] WARN  FXGLAssetLoaderServi - Asset "/assets/textures/orange_particle.png" was not found!
11:05:02.298 [JavaFX Application Thread] WARN  FXGLAssetLoaderServi - Failed to load IMAGE
11:05:03.019 [JavaFX Application Thread] WARN  FXGLAssetLoaderServi - Asset "/assets/textures/green_particle.png" was not found!
11:05:03.019 [JavaFX Application Thread] WARN  FXGLAssetLoaderServi - Failed to load IMAGE
11:05:04.314 [JavaFX Application Thread] WARN  FXGLAssetLoaderServi - Asset "/assets/textures/orange_particle.png" was not found!
11:05:04.314 [JavaFX Application Thread] WARN  FXGLAssetLoaderServi - Failed to load IMAGE
11:05:06.330 [JavaFX Application Thread] WARN  FXGLAssetLoaderServi - Asset "/assets/textures/orange_particle.png" was not found!
11:05:06.332 [JavaFX Application Thread] WARN  FXGLAssetLoaderServi - Failed to load IMAGE
11:05:08.044 [JavaFX Application Thread] WARN  FXGLAssetLoaderServi - Asset "/assets/textures/green_particle.png" was not found!
11:05:08.044 [JavaFX Application Thread] WARN  FXGLAssetLoaderServi - Failed to load IMAGE
11:05:08.330 [JavaFX Application Thread] WARN  FXGLAssetLoaderServi - Asset "/assets/textures/orange_particle.png" was not found!
11:05:08.331 [JavaFX Application Thread] WARN  FXGLAssetLoaderServi - Failed to load IMAGE
11:05:10.345 [JavaFX Application Thread] WARN  FXGLAssetLoaderServi - Asset "/assets/textures/orange_particle.png" was not found!
11:05:10.345 [JavaFX Application Thread] WARN  FXGLAssetLoaderServi - Failed to load IMAGE
11:05:12.362 [JavaFX Application Thread] WARN  FXGLAssetLoaderServi - Asset "/assets/textures/orange_particle.png" was not found!
11:05:12.362 [JavaFX Application Thread] WARN  FXGLAssetLoaderServi - Failed to load IMAGE
11:05:13.053 [JavaFX Application Thread] WARN  FXGLAssetLoaderServi - Asset "/assets/textures/green_particle.png" was not found!
11:05:13.053 [JavaFX Application Thread] WARN  FXGLAssetLoaderServi - Failed to load IMAGE
11:05:14.378 [JavaFX Application Thread] WARN  FXGLAssetLoaderServi - Asset "/assets/textures/orange_particle.png" was not found!
11:05:14.380 [JavaFX Application Thread] WARN  FXGLAssetLoaderServi - Failed to load IMAGE
11:05:16.016 [JavaFX Application Thread] WARN  FXGLAssetLoaderServi - Asset "/assets/textures/particles/spark.png" was not found!
11:05:16.016 [JavaFX Application Thread] WARN  FXGLAssetLoaderServi - Failed to load RESIZABLE_IMAGE
11:05:16.392 [JavaFX Application Thread] WARN  FXGLAssetLoaderServi - Asset "/assets/textures/orange_particle.png" was not found!
11:05:16.392 [JavaFX Application Thread] WARN  FXGLAssetLoaderServi - Failed to load IMAGE
11:05:17.562 [JavaFX Application Thread] WARN  FXGLAssetLoaderServi - Asset "/assets/textures/particles/glassparticle.png" was not found!
11:05:17.563 [JavaFX Application Thread] WARN  FXGLAssetLoaderServi - Failed to load RESIZABLE_IMAGE
11:05:18.057 [JavaFX Application Thread] WARN  FXGLAssetLoaderServi - Asset "/assets/textures/green_particle.png" was not found!
11:05:18.057 [JavaFX Application Thread] WARN  FXGLAssetLoaderServi - Failed to load IMAGE
11:05:18.409 [JavaFX Application Thread] WARN  FXGLAssetLoaderServi - Asset "/assets/textures/orange_particle.png" was not found!
11:05:18.410 [JavaFX Application Thread] WARN  FXGLAssetLoaderServi - Failed to load IMAGE
11:05:20.425 [JavaFX Application Thread] WARN  FXGLAssetLoaderServi - Asset "/assets/textures/orange_particle.png" was not found!
11:05:20.426 [JavaFX Application Thread] WARN  FXGLAssetLoaderServi - Failed to load IMAGE
11:05:22.441 [JavaFX Application Thread] WARN  FXGLAssetLoaderServi - Asset "/assets/textures/orange_particle.png" was not found!
11:05:22.441 [JavaFX Application Thread] WARN  FXGLAssetLoaderServi - Failed to load IMAGE
11:05:23.066 [JavaFX Application Thread] WARN  FXGLAssetLoaderServi - Asset "/assets/textures/green_particle.png" was not found!
11:05:23.066 [JavaFX Application Thread] WARN  FXGLAssetLoaderServi - Failed to load IMAGE
11:05:24.425 [JavaFX Application Thread] WARN  FXGLAssetLoaderServi - Asset "/assets/textures/orange_particle.png" was not found!
11:05:24.425 [JavaFX Application Thread] WARN  FXGLAssetLoaderServi - Failed to load IMAGE
11:05:26.441 [JavaFX Application Thread] WARN  FXGLAssetLoaderServi - Asset "/assets/textures/orange_particle.png" was not found!
11:05:26.441 [JavaFX Application Thread] WARN  FXGLAssetLoaderServi - Failed to load IMAGE
11:05:28.058 [JavaFX Application Thread] WARN  FXGLAssetLoaderServi - Asset "/assets/textures/green_particle.png" was not found!
11:05:28.058 [JavaFX Application Thread] WARN  FXGLAssetLoaderServi - Failed to load IMAGE
11:05:28.457 [JavaFX Application Thread] WARN  FXGLAssetLoaderServi - Asset "/assets/textures/orange_particle.png" was not found!
11:05:28.457 [JavaFX Application Thread] WARN  FXGLAssetLoaderServi - Failed to load IMAGE
11:05:30.473 [JavaFX Application Thread] WARN  FXGLAssetLoaderServi - Asset "/assets/textures/orange_particle.png" was not found!
11:05:30.474 [JavaFX Application Thread] WARN  FXGLAssetLoaderServi - Failed to load IMAGE
11:05:30.984 [JavaFX Application Thread] WARN  FXGLAssetLoaderServi - Asset "/assets/textures/particles/spark.png" was not found!
11:05:30.985 [JavaFX Application Thread] WARN  FXGLAssetLoaderServi - Failed to load RESIZABLE_IMAGE
11:05:31.947 [JavaFX Application Thread] WARN  FXGLAssetLoaderServi - Asset "/assets/textures/particles/glassparticle.png" was not found!
11:05:31.947 [JavaFX Application Thread] WARN  FXGLAssetLoaderServi - Failed to load RESIZABLE_IMAGE
11:05:32.491 [JavaFX Application Thread] WARN  FXGLAssetLoaderServi - Asset "/assets/textures/orange_particle.png" was not found!
11:05:32.491 [JavaFX Application Thread] WARN  FXGLAssetLoaderServi - Failed to load IMAGE
11:05:33.065 [JavaFX Application Thread] WARN  FXGLAssetLoaderServi - Asset "/assets/textures/green_particle.png" was not found!
11:05:33.067 [JavaFX Application Thread] WARN  FXGLAssetLoaderServi - Failed to load IMAGE
11:05:34.506 [JavaFX Application Thread] WARN  FXGLAssetLoaderServi - Asset "/assets/textures/orange_particle.png" was not found!
11:05:34.506 [JavaFX Application Thread] WARN  FXGLAssetLoaderServi - Failed to load IMAGE
11:05:36.521 [JavaFX Application Thread] WARN  FXGLAssetLoaderServi - Asset "/assets/textures/orange_particle.png" was not found!
11:05:36.521 [JavaFX Application Thread] WARN  FXGLAssetLoaderServi - Failed to load IMAGE
11:05:38.089 [JavaFX Application Thread] WARN  FXGLAssetLoaderServi - Asset "/assets/textures/green_particle.png" was not found!
11:05:38.089 [JavaFX Application Thread] WARN  FXGLAssetLoaderServi - Failed to load IMAGE
11:05:38.586 [JavaFX Application Thread] WARN  FXGLAssetLoaderServi - Asset "/assets/textures/orange_particle.png" was not found!
11:05:38.586 [JavaFX Application Thread] WARN  FXGLAssetLoaderServi - Failed to load IMAGE
11:05:40.553 [JavaFX Application Thread] WARN  FXGLAssetLoaderServi - Asset "/assets/textures/orange_particle.png" was not found!
11:05:40.553 [JavaFX Application Thread] WARN  FXGLAssetLoaderServi - Failed to load IMAGE
11:05:42.570 [JavaFX Application Thread] WARN  FXGLAssetLoaderServi - Asset "/assets/textures/orange_particle.png" was not found!
11:05:42.570 [JavaFX Application Thread] WARN  FXGLAssetLoaderServi - Failed to load IMAGE
11:05:43.100 [JavaFX Application Thread] WARN  FXGLAssetLoaderServi - Asset "/assets/textures/green_particle.png" was not found!
11:05:43.100 [JavaFX Application Thread] WARN  FXGLAssetLoaderServi - Failed to load IMAGE
11:05:44.585 [JavaFX Application Thread] WARN  FXGLAssetLoaderServi - Asset "/assets/textures/orange_particle.png" was not found!
11:05:44.585 [JavaFX Application Thread] WARN  FXGLAssetLoaderServi - Failed to load IMAGE
11:05:46.014 [JavaFX Application Thread] WARN  FXGLAssetLoaderServi - Asset "/assets/textures/particles/spark.png" was not found!
11:05:46.014 [JavaFX Application Thread] WARN  FXGLAssetLoaderServi - Failed to load RESIZABLE_IMAGE
11:05:46.522 [JavaFX Application Thread] WARN  FXGLAssetLoaderServi - Asset "/assets/textures/particles/glassparticle.png" was not found!
11:05:46.522 [JavaFX Application Thread] WARN  FXGLAssetLoaderServi - Failed to load RESIZABLE_IMAGE
11:05:46.604 [JavaFX Application Thread] WARN  FXGLAssetLoaderServi - Asset "/assets/textures/orange_particle.png" was not found!
11:05:46.604 [JavaFX Application Thread] WARN  FXGLAssetLoaderServi - Failed to load IMAGE
11:05:48.153 [JavaFX Application Thread] WARN  FXGLAssetLoaderServi - Asset "/assets/textures/green_particle.png" was not found!
11:05:48.154 [JavaFX Application Thread] WARN  FXGLAssetLoaderServi - Failed to load IMAGE
11:05:48.639 [JavaFX Application Thread] WARN  FXGLAssetLoaderServi - Asset "/assets/textures/orange_particle.png" was not found!
11:05:48.640 [JavaFX Application Thread] WARN  FXGLAssetLoaderServi - Failed to load IMAGE
11:05:50.617 [JavaFX Application Thread] WARN  FXGLAssetLoaderServi - Asset "/assets/textures/orange_particle.png" was not found!
11:05:50.617 [JavaFX Application Thread] WARN  FXGLAssetLoaderServi - Failed to load IMAGE
11:05:52.633 [JavaFX Application Thread] WARN  FXGLAssetLoaderServi - Asset "/assets/textures/orange_particle.png" was not found!
11:05:52.633 [JavaFX Application Thread] WARN  FXGLAssetLoaderServi - Failed to load IMAGE
11:05:53.137 [JavaFX Application Thread] WARN  FXGLAssetLoaderServi - Asset "/assets/textures/green_particle.png" was not found!
11:05:53.137 [JavaFX Application Thread] WARN  FXGLAssetLoaderServi - Failed to load IMAGE
11:05:54.649 [JavaFX Application Thread] WARN  FXGLAssetLoaderServi - Asset "/assets/textures/orange_particle.png" was not found!
11:05:54.649 [JavaFX Application Thread] WARN  FXGLAssetLoaderServi - Failed to load IMAGE
11:05:56.695 [JavaFX Application Thread] WARN  FXGLAssetLoaderServi - Asset "/assets/textures/orange_particle.png" was not found!
11:05:56.695 [JavaFX Application Thread] WARN  FXGLAssetLoaderServi - Failed to load IMAGE
11:05:58.185 [JavaFX Application Thread] WARN  FXGLAssetLoaderServi - Asset "/assets/textures/green_particle.png" was not found!
11:05:58.185 [JavaFX Application Thread] WARN  FXGLAssetLoaderServi - Failed to load IMAGE
11:05:58.728 [JavaFX Application Thread] WARN  FXGLAssetLoaderServi - Asset "/assets/textures/orange_particle.png" was not found!
11:05:58.728 [JavaFX Application Thread] WARN  FXGLAssetLoaderServi - Failed to load IMAGE
11:06:00.711 [JavaFX Application Thread] WARN  FXGLAssetLoaderServi - Asset "/assets/textures/orange_particle.png" was not found!
11:06:00.711 [JavaFX Application Thread] WARN  FXGLAssetLoaderServi - Failed to load IMAGE
11:06:01.017 [JavaFX Application Thread] WARN  FXGLAssetLoaderServi - Asset "/assets/textures/particles/spark.png" was not found!
11:06:01.017 [JavaFX Application Thread] WARN  FXGLAssetLoaderServi - Failed to load RESIZABLE_IMAGE
11:06:02.075 [JavaFX Application Thread] WARN  FXGLAssetLoaderServi - Asset "/assets/textures/particles/glassparticle.png" was not found!
11:06:02.075 [JavaFX Application Thread] WARN  FXGLAssetLoaderServi - Failed to load RESIZABLE_IMAGE
11:06:02.713 [JavaFX Application Thread] WARN  FXGLAssetLoaderServi - Asset "/assets/textures/orange_particle.png" was not found!
11:06:02.714 [JavaFX Application Thread] WARN  FXGLAssetLoaderServi - Failed to load IMAGE
11:06:03.145 [JavaFX Application Thread] WARN  FXGLAssetLoaderServi - Asset "/assets/textures/green_particle.png" was not found!
11:06:03.145 [JavaFX Application Thread] WARN  FXGLAssetLoaderServi - Failed to load IMAGE
11:06:04.732 [JavaFX Application Thread] WARN  FXGLAssetLoaderServi - Asset "/assets/textures/orange_particle.png" was not found!
11:06:04.732 [JavaFX Application Thread] WARN  FXGLAssetLoaderServi - Failed to load IMAGE
11:06:06.764 [JavaFX Application Thread] WARN  FXGLAssetLoaderServi - Asset "/assets/textures/orange_particle.png" was not found!
11:06:06.764 [JavaFX Application Thread] WARN  FXGLAssetLoaderServi - Failed to load IMAGE
11:06:08.170 [JavaFX Application Thread] WARN  FXGLAssetLoaderServi - Asset "/assets/textures/green_particle.png" was not found!
11:06:08.170 [JavaFX Application Thread] WARN  FXGLAssetLoaderServi - Failed to load IMAGE
11:06:08.779 [JavaFX Application Thread] WARN  FXGLAssetLoaderServi - Asset "/assets/textures/orange_particle.png" was not found!
11:06:08.779 [JavaFX Application Thread] WARN  FXGLAssetLoaderServi - Failed to load IMAGE
11:06:10.794 [JavaFX Application Thread] WARN  FXGLAssetLoaderServi - Asset "/assets/textures/orange_particle.png" was not found!
11:06:10.795 [JavaFX Application Thread] WARN  FXGLAssetLoaderServi - Failed to load IMAGE
11:06:12.843 [JavaFX Application Thread] WARN  FXGLAssetLoaderServi - Asset "/assets/textures/orange_particle.png" was not found!
11:06:12.844 [JavaFX Application Thread] WARN  FXGLAssetLoaderServi - Failed to load IMAGE
11:06:13.227 [JavaFX Application Thread] WARN  FXGLAssetLoaderServi - Asset "/assets/textures/green_particle.png" was not found!
11:06:13.227 [JavaFX Application Thread] WARN  FXGLAssetLoaderServi - Failed to load IMAGE
11:06:14.857 [JavaFX Application Thread] WARN  FXGLAssetLoaderServi - Asset "/assets/textures/orange_particle.png" was not found!
11:06:14.858 [JavaFX Application Thread] WARN  FXGLAssetLoaderServi - Failed to load IMAGE
11:06:16.057 [JavaFX Application Thread] WARN  FXGLAssetLoaderServi - Asset "/assets/textures/particles/spark.png" was not found!
11:06:16.057 [JavaFX Application Thread] WARN  FXGLAssetLoaderServi - Failed to load RESIZABLE_IMAGE
11:06:16.696 [JavaFX Application Thread] WARN  FXGLAssetLoaderServi - Asset "/assets/textures/particles/glassparticle.png" was not found!
11:06:16.697 [JavaFX Application Thread] WARN  FXGLAssetLoaderServi - Failed to load RESIZABLE_IMAGE
11:06:16.874 [JavaFX Application Thread] WARN  FXGLAssetLoaderServi - Asset "/assets/textures/orange_particle.png" was not found!
11:06:16.874 [JavaFX Application Thread] WARN  FXGLAssetLoaderServi - Failed to load IMAGE
11:06:18.233 [JavaFX Application Thread] WARN  FXGLAssetLoaderServi - Asset "/assets/textures/green_particle.png" was not found!
11:06:18.233 [JavaFX Application Thread] WARN  FXGLAssetLoaderServi - Failed to load IMAGE
11:06:18.889 [JavaFX Application Thread] WARN  FXGLAssetLoaderServi - Asset "/assets/textures/orange_particle.png" was not found!
11:06:18.890 [JavaFX Application Thread] WARN  FXGLAssetLoaderServi - Failed to load IMAGE
11:06:20.907 [JavaFX Application Thread] WARN  FXGLAssetLoaderServi - Asset "/assets/textures/orange_particle.png" was not found!
11:06:20.907 [JavaFX Application Thread] WARN  FXGLAssetLoaderServi - Failed to load IMAGE
11:06:22.937 [JavaFX Application Thread] WARN  FXGLAssetLoaderServi - Asset "/assets/textures/orange_particle.png" was not found!
11:06:22.937 [JavaFX Application Thread] WARN  FXGLAssetLoaderServi - Failed to load IMAGE
11:06:23.274 [JavaFX Application Thread] WARN  FXGLAssetLoaderServi - Asset "/assets/textures/green_particle.png" was not found!
11:06:23.274 [JavaFX Application Thread] WARN  FXGLAssetLoaderServi - Failed to load IMAGE
11:06:24.969 [JavaFX Application Thread] WARN  FXGLAssetLoaderServi - Asset "/assets/textures/orange_particle.png" was not found!
11:06:24.970 [JavaFX Application Thread] WARN  FXGLAssetLoaderServi - Failed to load IMAGE
11:06:26.986 [JavaFX Application Thread] WARN  FXGLAssetLoaderServi - Asset "/assets/textures/orange_particle.png" was not found!
11:06:26.986 [JavaFX Application Thread] WARN  FXGLAssetLoaderServi - Failed to load IMAGE
11:06:28.297 [JavaFX Application Thread] WARN  FXGLAssetLoaderServi - Asset "/assets/textures/green_particle.png" was not found!
11:06:28.297 [JavaFX Application Thread] WARN  FXGLAssetLoaderServi - Failed to load IMAGE
11:06:29.002 [JavaFX Application Thread] WARN  FXGLAssetLoaderServi - Asset "/assets/textures/orange_particle.png" was not found!
11:06:29.002 [JavaFX Application Thread] WARN  FXGLAssetLoaderServi - Failed to load IMAGE
11:06:31.017 [JavaFX Application Thread] WARN  FXGLAssetLoaderServi - Asset "/assets/textures/orange_particle.png" was not found!
11:06:31.018 [JavaFX Application Thread] WARN  FXGLAssetLoaderServi - Failed to load IMAGE
11:06:31.082 [JavaFX Application Thread] WARN  FXGLAssetLoaderServi - Asset "/assets/textures/particles/spark.png" was not found!
11:06:31.082 [JavaFX Application Thread] WARN  FXGLAssetLoaderServi - Failed to load RESIZABLE_IMAGE
11:06:33.034 [JavaFX Application Thread] WARN  FXGLAssetLoaderServi - Asset "/assets/textures/orange_particle.png" was not found!
11:06:33.034 [JavaFX Application Thread] WARN  FXGLAssetLoaderServi - Failed to load IMAGE
11:06:33.321 [JavaFX Application Thread] WARN  FXGLAssetLoaderServi - Asset "/assets/textures/green_particle.png" was not found!
11:06:33.321 [JavaFX Application Thread] WARN  FXGLAssetLoaderServi - Failed to load IMAGE
11:06:35.052 [JavaFX Application Thread] WARN  FXGLAssetLoaderServi - Asset "/assets/textures/orange_particle.png" was not found!
11:06:35.052 [JavaFX Application Thread] WARN  FXGLAssetLoaderServi - Failed to load IMAGE
11:06:35.931 [JavaFX Application Thread] DEBUG PrimaryStageWindow   - Push state: DialogSubScene
11:06:35.931 [JavaFX Application Thread] DEBUG Input                - Clearing active input actions
11:06:35.932 [JavaFX Application Thread] DEBUG GameApplicationServi - Removing overlay from GameScene and adding to DialogSubScene
11:06:35.932 [JavaFX Application Thread] DEBUG PrimaryStageWindow   - GameScene -> DialogSubScene
11:06:37.254 [JavaFX Application Thread] DEBUG PrimaryStageWindow   - Pop state: DialogSubScene
11:06:37.254 [JavaFX Application Thread] DEBUG Input                - Clearing active input actions
11:06:37.255 [JavaFX Application Thread] DEBUG GameApplicationServi - Removing overlay from DialogSubScene and adding to GameScene
11:06:37.255 [JavaFX Application Thread] DEBUG PrimaryStageWindow   - GameScene <- DialogSubScene
11:06:37.743 [JavaFX Application Thread] WARN  FXGLAssetLoaderServi - Asset "/assets/textures/particles/glassparticle.png" was not found!
11:06:37.744 [JavaFX Application Thread] WARN  FXGLAssetLoaderServi - Failed to load RESIZABLE_IMAGE
11:06:38.121 [JavaFX Application Thread] WARN  FXGLAssetLoaderServi - Asset "/assets/textures/orange_particle.png" was not found!
11:06:38.121 [JavaFX Application Thread] WARN  FXGLAssetLoaderServi - Failed to load IMAGE
11:06:39.275 [JavaFX Application Thread] WARN  FXGLAssetLoaderServi - Asset "/assets/textures/green_particle.png" was not found!
11:06:39.275 [JavaFX Application Thread] WARN  FXGLAssetLoaderServi - Failed to load IMAGE
11:06:40.057 [JavaFX Application Thread] WARN  FXGLAssetLoaderServi - Asset "/assets/textures/orange_particle.png" was not found!
11:06:40.058 [JavaFX Application Thread] WARN  FXGLAssetLoaderServi - Failed to load IMAGE
11:06:41.237 [JavaFX Application Thread] DEBUG FXGLApplication      - Exiting FXGL
11:06:41.237 [JavaFX Application Thread] DEBUG LoopRunner           - Stopping loop
11:06:41.237 [JavaFX Application Thread] DEBUG SystemBundleService  - Saving FXGL system data
11:06:41.243 [JavaFX Application Thread] DEBUG FileSystemAccess     - Writing to: C:\Users\ginac\IdeaProjects\TheOnlyException3\system\fxgl.bundle
11:06:41.251 [JavaFX Application Thread] DEBUG Async                - Shutting down background threads
11:06:41.252 [JavaFX Application Thread] DEBUG PrimaryStageWindow   - Closing main window
11:06:41.314 [JavaFX Application Thread] DEBUG Logger               - Closing Logger
